Customer,Churn,AccountWeeks,ContractRenewal,DataPlan,DataUsage,CustServCalls,DayMins,DayCalls,MonthlyCharge,OverageFee,RoamMins
1,No,164,1,1,3.86,1,219.1,88,89.6,7.58,14.3
2,Yes,177,0,0,0,1,248.7,118,57,8.62,11.3
3,No,132,1,0,0.31,1,191.9,107,54.1,10.35,12.6
4,Yes,70,1,0,0,0,232.8,95,66,15.17,12.9
5,No,81,1,1,3.29,1,161.6,117,70.9,6.15,12.2
6,No,70,1,0,0,1,222.8,114,57,10.8,0
7,No,66,1,0,0,1,201.3,95,48,7.64,7.5
8,No,133,1,0,0,0,201.7,85,49,8.47,6
9,Yes,54,1,0,0,1,272.6,83,68,12.44,9.5
10,Yes,101,1,0,0,4,158.4,92,43,9.4,13.5
11,Yes,63,1,0,0,4,278,102,70,13.32,13.1
12,Yes,87,1,0,0,5,151,83,45,10.99,9.7
13,No,51,1,0,0,0,214.8,94,50,7.49,10.2
14,No,75,1,1,0.68,1,200.6,96,55.8,8.21,2.5
15,No,84,1,0,0,1,159,80,42,8.4,12.3
16,Yes,44,1,0,0.21,3,288.1,112,73.1,12.9,10.2
17,Yes,35,1,0,0,5,138.1,115,37,7.91,10.3
18,No,116,1,1,1.89,2,204.7,118,71.9,10.47,7
19,No,125,1,1,1.46,1,201.3,117,52.6,2.11,5.4
20,No,42,1,1,2.19,0,163.8,80,64.9,8.89,8.1
21,Yes,94,1,0,0,4,157.9,105,41,7.75,8
22,No,86,1,0,0.34,1,166.2,112,53.4,12.77,5.4
23,Yes,111,1,0,0,4,176.9,128,39,5.14,10.5
24,Yes,62,1,0,0,1,248.7,109,61,11,13.2
25,No,90,1,0,0,2,102,118,27,5.67,11.4
26,Yes,100,1,0,0.32,0,278,76,66.2,8.84,8.3
27,Yes,76,1,0,0,0,272.7,97,67,11.82,7.7
28,Yes,146,1,0,0,7,149.3,83,42,9.36,7.9
29,No,162,1,0,0.28,2,115.1,89,39.8,9.84,11.4
30,Yes,182,1,0,0,2,279.1,124,63,9.03,9.5
31,Yes,27,1,0,0.36,2,226.3,95,65.6,13.72,8.2
32,No,144,1,0,0,2,139.6,96,35,6.21,15
33,No,137,1,0,0,3,110.5,79,38,11.16,10.5
34,Yes,99,0,0,0,0,242.3,102,72,17.55,11.3
35,No,64,1,0,0.29,1,162.6,83,43.9,7.62,14.2
36,No,97,1,0,0,1,146,121,43,10.15,13.3
37,Yes,93,0,0,0,1,216.9,61,55,10.37,17.5
38,Yes,126,1,1,3.46,4,153.4,90,73.6,7.57,12.8
39,Yes,130,0,0,0,5,216.2,106,68,18.19,16.9
40,No,68,1,0,0.11,3,222.8,99,54.1,8.79,11
41,Yes,115,0,0,0,1,345.3,81,76,10.17,11.8
42,No,115,1,1,1.22,0,155.2,110,59.2,11.55,4.5
43,Yes,112,1,0,0,3,272.5,119,66,11.31,16.4
44,Yes,103,1,1,3.75,4,110.5,101,74.5,10.42,13.9
45,No,164,1,1,2.59,3,159.7,102,67.9,8.44,9.6
46,Yes,94,1,0,0,3,271.2,105,64,10.13,11.5
47,No,70,1,1,2.65,1,249.5,101,91.5,12.99,9.8
48,Yes,83,1,0,0,0,337.4,120,77,11.37,15.8
49,No,125,1,1,2.78,0,268.4,112,92.8,11.11,10.3
50,No,109,1,0,0.31,3,180,100,54.1,11.45,7.8
51,No,66,1,0,0,1,118,133,42,12.41,5.3
52,No,106,1,0,0,3,213.9,95,50,7.6,12.2
53,Yes,100,1,0,0,4,113.3,96,37,9.9,11.7
54,No,58,1,1,2.27,0,178.1,111,73.7,11.84,8.4
55,Yes,73,1,0,0,1,217.8,91,56,11.03,10.3
56,Yes,76,0,0,0,0,246.8,110,60,10.32,13.2
57,No,106,1,0,0,1,158.7,74,33,3.22,10.2
58,No,88,1,0,0,2,189.8,111,50,9.87,14.9
59,No,142,1,0,0,1,145.4,93,43,10.46,10.9
60,Yes,126,1,0,0,3,249.8,96,65,13.1,12.7
61,Yes,58,1,0,0,0,112.2,95,37,10.48,13.9
62,No,75,1,1,3.35,1,130.9,115,73.5,10.17,12.4
63,Yes,125,1,0,0,0,240.7,82,64,13.47,10.1
64,Yes,122,0,0,0,0,230.9,132,60,12.16,11
65,No,37,1,0,0,0,206,89,51,9.3,8.4
66,Yes,73,1,0,0,1,286.4,109,64,8.91,10.7
67,No,90,1,0,0,1,175.9,111,55,14.26,13
68,Yes,116,1,0,0,0,288,120,71,12.79,13.4
69,Yes,117,1,0,0.39,5,118.4,126,45.9,12.47,13.6
70,Yes,60,1,0,0,1,179.3,147,49,10.45,13.5
71,No,156,1,0,0,1,237.7,122,56,9.08,7.7
72,Yes,122,1,1,3.65,1,174.9,103,87.5,12.41,13.5
73,No,135,1,1,3.94,2,197.1,113,95.4,12.97,14.6
74,Yes,77,0,1,3.21,0,103.2,117,70.1,11.82,11.9
75,Yes,119,0,1,2.35,5,160,95,69.5,10.48,8.7
76,Yes,68,0,1,3.83,3,125.7,92,83.3,13.8,14.2
77,No,167,1,0,0,1,166.4,85,49,12.16,9.9
78,Yes,88,0,0,0,4,235.1,98,62,12.59,7.2
79,No,139,1,0,0,2,271.6,130,60,7.8,11.6
80,Yes,109,0,0,0,2,268.4,85,59,7.53,9.7
81,No,100,1,0,0,2,142.5,87,41,9.79,7.8
82,Yes,109,1,0,0,1,264.7,69,71,15.25,9.5
83,No,165,1,0,0.13,1,150.5,75,43.3,9.66,10.3
84,No,98,1,1,2.97,2,110.3,71,64.7,9.12,11
85,Yes,62,1,1,3,2,186.4,84,79,10.05,11.1
86,No,159,1,0,0.29,5,198.8,107,53.9,9.78,16.5
87,No,170,0,0,0,3,259.9,68,66,12.25,8.4
88,No,56,1,0,0,2,164.3,92,48,11.69,11.8
89,No,52,1,0,0,3,129.3,80,35,7.14,12.3
90,No,89,1,0,0,1,197.1,110,48,8.3,12.8
91,No,78,1,0,0,3,252.9,93,59,8.92,9.5
92,Yes,225,1,0,0.3,0,165.4,106,55,13.69,8.7
93,Yes,92,1,1,1.73,1,201.3,130,69.3,10.19,6.4
94,Yes,131,1,0,0,1,131.6,95,38,8.97,15.5
95,No,78,1,0,0.51,1,168.3,110,53.1,11.06,12.5
96,No,138,1,0,0,0,205.9,96,57,12.86,12.1
97,No,149,1,0,0,7,166.6,61,47,10.94,8.2
98,No,51,0,1,3.32,2,135.8,60,74.2,10.03,12.3
99,Yes,85,1,0,0,5,165.8,96,45,9.5,10.9
100,Yes,48,1,1,4.24,2,152,63,90.4,12.94,15.7
101,No,131,1,1,3.62,1,156.6,134,69.2,3.55,13.4
102,Yes,132,1,1,2.84,3,226.2,103,82.4,9.08,10.5
103,No,58,1,0,0,4,210.1,126,57,12.45,14.4
104,Yes,113,1,0,0,3,245.3,108,64,13,10.7
105,Yes,126,0,0,0,1,239.7,87,65,14.09,11.4
106,No,59,1,0,0,1,204.3,65,56,12.37,12
107,Yes,116,1,0,0,6,159.4,79,43,8.98,9.7
108,Yes,86,1,0,0.3,7,128.3,121,42,9.86,12.2
109,Yes,171,1,0,0,1,270.5,69,66,11.5,9.6
110,No,91,1,1,2.48,0,162.3,107,72.8,11.7,9.2
111,No,41,1,0,0,1,207.2,138,54,10.71,11.9
112,No,84,1,0,0,1,216.1,114,54,9.88,9.8
113,No,128,1,1,2.32,0,179.3,104,73.2,11.3,8.6
114,No,127,1,1,2.65,1,182,80,76.5,10.81,9.8
115,No,118,0,0,0,2,160,123,43,8.77,9.9
116,Yes,115,0,0,0,3,251.3,69,65,12.63,9.9
117,No,104,1,0,0,2,144.5,107,40,9.03,17
118,No,70,1,0,0,1,213.4,86,54,10.24,5.7
119,No,80,1,0,0,1,124.3,100,36,8.65,7.9
120,Yes,125,0,0,0,0,187.3,118,46,8.04,9.6
121,No,75,0,0,0.29,1,153.2,78,46.9,10.54,7.8
122,Yes,71,1,0,0,3,290.4,108,71,12.7,10.1
123,Yes,74,1,0,0,2,174.1,96,51,12.56,8.3
124,No,78,1,0,0,0,149.7,119,41,9.11,9.7
125,No,122,1,1,3.19,4,270.8,96,96.9,11.02,11.8
126,No,44,1,0,0,1,240.3,146,55,8.23,10.6
127,Yes,2,0,0,0.27,2,132.1,42,37.7,6.95,9.1
128,Yes,103,1,1,2.94,6,87.2,92,59.4,8.47,10.9
129,Yes,106,1,0,0,2,210.6,96,57,12.46,12.4
130,No,72,1,0,0.27,0,272.4,88,58.7,5.4,12.7
131,Yes,17,1,1,2.7,6,153.1,115,69,9.3,10
132,No,98,1,0,0.16,1,171.7,99,46.6,8.74,7.8
133,Yes,99,1,0,0.12,7,135.7,107,42.2,10.42,8.8
134,No,93,1,0,0.17,3,152.4,74,51.7,13.73,6.6
135,Yes,212,1,0,0.23,2,226,127,67.3,15.23,12.6
136,Yes,111,1,0,0,0,284.4,89,62,7.85,8.4
137,Yes,55,1,0,0.4,0,285.7,124,73,11.55,14.8
138,Yes,128,1,0,0,1,237.9,125,62,12.38,13.9
139,No,113,1,0,0,1,207.2,113,57,12.8,9.9
140,Yes,122,0,0,0.3,4,140,101,44,9.82,9.7
141,No,194,1,0,0,0,193.3,106,48,8.45,11.8
142,No,86,1,0,0,3,136.4,104,41,10.13,11.5
143,Yes,66,1,0,0,1,167.3,91,48,11.5,10.6
144,No,98,1,0,0,0,288.1,101,61,6.9,0
145,Yes,94,0,0,0,1,89.5,94,45,17,7.9
146,Yes,127,1,0,0,0,245.2,91,61,10.86,13.9
147,Yes,108,1,0,0.27,2,291.6,99,71.7,11.06,14
148,Yes,62,0,0,0,0,159.7,86,44,9.88,13.9
149,Yes,161,0,0,0,1,194.2,106,55,12.47,12.9
150,Yes,74,1,0,0,3,314.1,86,73,11.12,12.3
151,Yes,54,1,0,0,1,286.6,73,68,11.16,11.5
152,Yes,105,0,0,0,1,273.9,119,71,13.93,10.9
153,Yes,209,1,0,0,3,255.1,124,63,11.53,8.5
154,No,57,1,1,2.57,0,213,115,78.7,9.56,9.5
155,No,110,1,0,0,1,227.7,88,54,8.5,11.7
156,No,11,1,1,2.7,2,131.5,98,69,11.51,10
157,Yes,91,1,0,0,5,154.4,165,41,8.42,11.7
158,Yes,137,0,0,0,2,135.1,95,35,6.71,12.3
159,No,89,1,1,2.86,1,215.1,140,82.6,9.87,10.6
160,Yes,56,1,0,0.25,0,221.9,112,64.5,13.91,7.1
161,No,95,1,0,0,1,229.9,116,57,10.12,14.2
162,Yes,96,1,1,2.78,5,172.7,93,67.8,6.01,10.3
163,No,107,1,1,2.78,1,96.3,83,59.8,8.98,10.3
164,Yes,208,1,0,0.33,2,326.5,67,74.3,8.82,10.7
165,No,31,1,1,3.11,1,210.5,101,89.1,12.53,11.5
166,Yes,97,1,0,0,0,225.1,90,63,13.98,8.8
167,No,145,1,0,0,1,199.2,124,45,6.3,7.6
168,Yes,109,1,1,2.43,6,111.2,90,66.3,13.18,9
169,Yes,124,1,0,0,1,312,112,69,9,12.8
170,No,120,1,0,0.36,2,98.2,99,36.6,9.34,9.3
171,Yes,122,1,0,0,4,296.4,99,69,10.74,11.4
172,No,192,1,0,0,4,221.6,101,62,14.26,12.7
173,No,69,1,0,0,3,228.2,70,62,13.19,10.7
174,Yes,61,1,0,0,1,267.1,104,61,9.02,17.3
175,Yes,125,1,0,0,4,143.2,80,32,4.41,8.8
176,No,118,1,0,0,2,253.2,122,61,10.05,9.7
177,Yes,98,1,0,0,4,271.4,119,63,9.52,11.1
178,No,155,0,1,3,1,211.7,121,78,6.96,11.1
179,No,55,1,0,0,0,132,103,47,13.98,13.5
180,Yes,152,0,1,1.16,1,146.8,128,61.6,14.28,4.3
181,Yes,72,1,1,1.67,4,96.6,59,60.7,15.77,6.2
182,No,185,1,1,2.59,0,157.3,123,74.9,12.89,9.6
183,No,158,1,0,0.14,0,205.2,97,57.4,12.03,14.4
184,Yes,136,1,0,0,1,250.2,121,66,13.36,13
185,Yes,119,0,1,3.75,1,172.1,119,86.5,11.18,13.9
186,Yes,68,1,0,0,2,249.9,127,65,12.73,8.9
187,No,83,1,0,0,3,178.8,102,45,8.4,8.6
188,Yes,113,1,0,0,2,128.7,100,42,11.36,9.2
189,No,58,1,1,3.02,1,240.4,80,81.2,5.95,11.2
190,Yes,79,1,0,0.31,1,268.3,114,65.1,9.28,6.3
191,Yes,28,1,0,0,6,121.7,48,32,6.29,8.3
192,Yes,161,1,0,0,4,154.7,84,42,8.89,5.9
193,No,111,1,1,2.78,2,128.8,104,63.8,7.87,10.3
194,Yes,151,0,0,0.29,0,218,57,49.9,5.72,12.4
195,Yes,74,0,0,0,1,125.8,103,40,10.39,14.1
196,Yes,105,0,1,3.97,0,156.1,89,75.7,5.36,14.7
197,Yes,89,1,0,0,1,303.9,95,74,13.05,5.3
198,Yes,54,0,0,0.38,2,190.5,108,58.8,12.99,9.7
199,No,112,1,1,2.48,2,181.8,110,75.8,11.41,9.2
200,No,98,1,0,0,3,72.8,107,29,9.32,10.5
201,No,66,1,1,3.24,2,187.8,117,75.4,6.49,12
202,Yes,80,1,0,0,2,268.7,120,72,15.05,5.8
203,No,110,1,0,0,1,148.5,115,49,13.82,12.4
204,Yes,106,0,0,0,3,204,84,49,8.43,13.3
205,No,140,1,0,0,1,159.1,104,50,13.49,10.3
206,Yes,70,0,0,0,2,226.7,98,58,11.41,17.6
207,No,158,1,0,0,1,209.9,112,55,11.07,8.2
208,Yes,47,0,0,0,0,47.8,120,24,8.95,13.3
209,Yes,140,1,0,0,4,120.3,108,41,12.02,7.7
210,No,79,1,0,0,2,213.6,110,57,11.75,8.8
211,No,79,1,0,0,0,177.9,83,45,8.37,15.2
212,No,56,1,0,0,1,121.6,84,35,8.27,8.9
213,No,143,1,0,0.27,1,202.8,109,51.7,8.29,4.6
214,Yes,95,0,1,1.11,0,220.2,109,65.1,9.27,4.1
215,Yes,113,1,0,0,1,209.4,151,66,17.37,7.4
216,Yes,60,0,1,3.78,0,265.9,113,101.8,10.79,14
217,No,61,1,1,2.67,3,163.7,78,64.7,5.66,9.9
218,Yes,24,1,0,0.23,0,243,91,59.3,9.2,15.3
219,No,100,1,1,1.92,0,58.8,104,48.2,10.98,7.1
220,Yes,143,1,0,0,4,167.8,72,47,10.55,10.5
221,Yes,121,0,0,0,3,167.7,94,37,4.69,13.4
222,Yes,24,1,0,0,2,149,73,37,6.55,8.6
223,No,90,1,0,0,1,193.7,83,47,7.71,12.7
224,Yes,139,1,0,0,1,236.6,109,55,8.5,11.1
225,No,107,1,1,3.4,3,198.9,87,86,10.35,12.6
226,Yes,125,0,0,0.3,0,298.4,78,77,13.53,12.2
227,No,64,1,0,0,0,261.9,113,58,7.41,13.8
228,Yes,123,0,0,0,4,125.5,106,33,6.45,6.3
229,Yes,117,0,0,0,2,167.1,86,44,8.88,14.1
230,Yes,119,1,0,0.21,3,239.1,88,64.1,12.18,10.9
231,No,52,1,1,2.97,1,142.1,77,70.7,9.65,11
232,No,67,1,1,3.92,1,129.6,107,81.2,11.65,14.5
233,Yes,88,1,0,0,4,85.7,112,34,11.08,11.6
234,No,118,1,0,0,1,133.4,113,33,6.05,5.9
235,Yes,147,1,1,2.73,2,197.3,134,73.3,7.06,10.1
236,Yes,53,1,0,0.31,0,261.2,119,69.1,12.54,9.8
237,No,1,1,1,2.19,1,208,115,73.9,9.25,8.1
238,No,105,1,0,0.28,2,125.4,116,46.8,13.08,11.4
239,Yes,136,1,0,0.31,1,259.4,99,62.1,8.64,10.7
240,Yes,82,1,0,0,3,266.9,83,65,11.49,11
241,Yes,54,1,0,0.21,2,247.5,85,64.1,11.27,10.2
242,No,99,1,0,0,3,200,66,44,5.4,11.4
243,Yes,101,1,0,0,3,269.7,85,64,10.38,4.5
244,No,52,1,1,2.21,0,169.3,88,70.1,11.3,8.2
245,Yes,40,1,0,0,4,169.7,115,41,7.07,10.5
246,No,123,1,0,0.2,1,209.4,49,58,11.87,9.8
247,Yes,103,1,0,0,6,174.7,151,43,7.4,15.8
248,No,112,1,1,2.7,2,113.7,117,60,7.88,10
249,No,101,1,0,0,1,93.8,127,29,7.5,10.7
250,Yes,95,1,0,0,6,128.6,115,41,10.81,6.3
251,Yes,82,1,0,0.31,6,167.1,77,43.1,6.59,9.4
252,Yes,89,1,0,0,1,213,63,52,8.83,9.1
253,Yes,75,1,0,0,4,109,88,41,12.97,13.3
254,No,87,0,1,3.11,1,221.6,79,83.1,7.86,11.5
255,No,57,1,1,3.51,1,279.9,121,102.1,11.16,13
256,Yes,141,1,1,1.81,1,322.4,92,97.1,14.16,6.7
257,No,63,0,0,0,1,62.9,112,28,10.15,8.9
258,No,134,1,1,2.92,1,142.9,105,61.2,4.43,10.8
259,Yes,115,0,0,0,2,122,110,40,11.01,10.8
260,Yes,100,1,0,0,1,96.5,86,35,10.51,12.5
261,Yes,121,1,1,1.57,3,198.4,129,56.7,3.77,5.8
262,No,166,1,0,0,0,274.3,110,52,2.65,10.9
263,No,76,1,1,2.19,1,214.6,110,75.9,10.26,8.1
264,Yes,154,1,0,0,3,154.5,122,45,10.71,12
265,Yes,137,0,0,0.21,0,258,112,67.1,12.33,10.9
266,Yes,91,1,0,0,1,153,123,38,7.06,10.3
267,No,154,1,1,3.94,1,64.9,76,66.4,9.21,14.6
268,No,107,1,1,3.24,1,248.6,91,85.4,5.97,12
269,Yes,74,1,0,0.21,1,282.5,114,69.1,11,9.4
270,No,75,1,0,0,3,224.7,116,55,9.6,11.3
271,No,153,1,1,2.03,1,167.7,104,70.3,12.34,7.5
272,No,55,1,0,0,1,245.5,130,59,9.64,9.1
273,Yes,102,1,0,0,2,273.2,85,65,10.56,13.1
274,No,111,1,0,0,2,246.5,108,61,10.82,12.7
275,Yes,66,1,0,0,4,154,133,44,9.95,9.5
276,No,95,1,1,2.86,0,262.2,123,87.6,8.26,10.6
277,Yes,80,1,0,0,0,322.3,113,74,11.1,6.7
278,No,110,1,0,0,3,196.1,103,51,9.99,12.9
279,No,71,1,0,0,2,141.2,132,37,7.46,7
280,Yes,34,1,0,0.29,2,293.7,89,76.9,13.63,11
281,Yes,170,1,1,2.94,4,199.5,119,75.4,6.75,10.9
282,Yes,118,1,0,0,5,267.8,145,73,15.82,14.4
283,Yes,93,0,0,0,1,131.4,78,42,10.99,11.1
284,Yes,94,1,0,0.18,1,234.4,103,65.8,13.97,2
285,Yes,112,1,0,0,2,335.5,77,76,10.63,12.7
286,Yes,80,0,0,0,1,276.5,122,64,9.78,7.2
287,No,153,1,0,0.33,0,228.9,102,56.3,8.04,12.5
288,No,70,1,0,0.3,1,170.2,98,46,7.76,15
289,Yes,126,1,0,0,5,58.2,94,22,6.94,11.9
290,Yes,101,1,0,0,5,89.7,118,38,13.01,13.5
291,No,117,1,0,0.39,1,119,82,40.9,9.38,11.5
292,Yes,84,1,0,0,2,289.1,100,70,11.69,12.7
293,No,92,0,1,2.03,0,281.1,88,85.3,9.9,7.5
294,Yes,174,1,1,3.92,4,167.8,91,85.2,10.27,14.5
295,Yes,113,1,0,0,5,61.2,111,19,4.62,13.7
296,No,130,1,0,0.35,1,162.8,113,56.5,14.52,7.2
297,No,92,1,1,2.62,0,134,112,67.2,10.3,9.7
298,No,89,1,1,2.84,2,188,105,73.4,7.57,10.5
299,Yes,71,1,0,0,0,238,82,65,13.93,11.8
300,No,132,0,1,3.48,2,200.3,75,88.8,11.33,12.9
301,Yes,107,1,0,0,1,294.9,71,67,9.64,13.2
302,No,104,1,0,0.24,1,170.6,97,45.4,8.11,6.1
303,No,210,1,1,2.73,3,313.8,87,93.3,7.39,10.1
304,Yes,113,1,0,0,2,239.7,47,65,14.15,8.7
305,Yes,133,1,0,0,0,117.8,100,37,9.96,11.8
306,Yes,159,0,0,0.44,1,257.1,53,75.4,15.61,8.8
307,Yes,136,1,0,0.45,1,269.8,106,70.5,11.44,10.1
308,No,99,1,1,2.86,2,179.1,93,79.6,11.92,10.6
309,No,99,1,0,0,1,62.9,81,31,11.55,8.5
310,No,139,1,0,0,3,196,135,50,9.3,9.8
311,Yes,147,0,1,3,3,157.5,109,73,9.48,11.1
312,No,141,1,0,0,0,185.1,126,52,11.65,9.1
313,No,185,0,1,3.48,2,154.1,114,71.8,5.94,12.9
314,No,135,1,0,0,0,151.7,82,36,5.95,10.5
315,No,62,1,0,0,2,172.8,101,47,10.24,9.1
316,Yes,46,1,0,0,2,250.3,100,65,13.03,13.3
317,Yes,159,1,0,0,0,167.4,68,41,7.19,10.3
318,No,118,1,0,0,4,188.8,60,51,10.87,8.2
319,No,67,1,1,3.48,2,186.2,117,91.8,14.34,12.9
320,No,107,1,1,2.21,1,134.2,101,63.1,10.6,8.2
321,Yes,52,1,0,0,4,155,110,38,6.67,7
322,Yes,50,1,0,0,5,131.1,129,36,8.03,5.6
323,Yes,115,1,0,0,3,226.4,101,63,13.84,12.3
324,No,55,1,0,0.23,0,189,100,45.3,5.93,17.1
325,No,108,1,0,0,1,246.2,102,60,10.12,9.4
326,No,55,1,0,0,2,119.7,148,41,11.59,4.6
327,No,60,1,0,0,1,145,133,43,10.46,14.6
328,No,73,1,0,0,1,187.3,118,53,11.99,15.1
329,Yes,81,0,0,0,3,149.4,68,41,8.6,17.9
330,Yes,97,1,0,0,4,120.8,96,35,8.49,11.9
331,Yes,135,1,1,3.48,2,201.4,100,90.8,12.33,12.9
332,Yes,44,1,0,0.33,2,228.1,121,66.3,13.83,9.9
333,Yes,136,0,0,0,3,199.6,89,52,10.57,11
334,Yes,82,1,0,0,3,189.2,81,48,9.22,10.6
335,Yes,77,1,0,0,5,62.4,89,26,8.5,5.7
336,Yes,51,0,0,0,0,153.6,108,46,11.65,14.1
337,Yes,97,1,0,0.4,0,276.1,82,69,10.06,8.9
338,No,50,1,0,0,1,157.1,90,46,11.17,6.1
339,Yes,94,1,0,0.28,3,269.2,104,65.8,9.69,8.9
340,No,141,1,0,0,0,146.5,121,40,8.5,8.2
341,Yes,75,0,0,0,1,222.4,78,66,16.35,8.7
342,No,75,1,0,0,2,122.8,89,39,10.57,10.7
343,No,145,1,0,0,2,129.4,97,38,9.27,1.1
344,Yes,127,0,0,0,4,143.2,60,40,8.98,6.2
345,No,69,1,0,0,3,183.4,85,52,11.88,9
346,No,80,1,0,0,2,220,114,56,10.39,12.1
347,Yes,137,0,0,0,0,237.3,103,56,8.84,14.2
348,No,87,1,1,0,1,165.8,122,45,9.35,0
349,No,96,1,1,3.05,1,183.1,88,74.5,7.37,11.3
350,No,131,1,1,2.46,0,69.1,122,45.6,5.07,9.1
351,Yes,134,1,1,1.65,2,247.2,105,78.5,11.28,6.1
352,No,121,1,1,2.03,3,218.2,88,87.3,17.43,7.5
353,Yes,57,1,0,0,2,272.7,74,66,11.25,10.5
354,Yes,95,0,1,2.78,5,136.8,91,68.8,10.04,10.3
355,No,66,1,1,3.27,1,106.7,76,68.7,10.49,12.1
356,Yes,57,0,0,0,0,115,65,30,6.12,6.4
357,Yes,153,1,0,0,1,159.5,103,51,13.78,10.1
358,No,86,1,0,0.42,3,190.5,115,52.2,8.98,10.1
359,Yes,98,1,0,0,4,0,0,14,7.98,6.8
360,No,120,1,0,0,3,180,80,50,11.21,4.7
361,No,77,1,1,2.73,1,149.4,74,63.3,6.2,10.1
362,No,130,1,0,0,5,139.1,72,45,12.3,11.4
363,Yes,105,0,1,3.56,1,220.7,82,92.6,10.89,13.2
364,Yes,61,1,0,0,1,260,123,63,10.53,9
365,Yes,87,1,0,0,0,240,83,53,6.71,9.3
366,Yes,77,1,0,0,2,251.8,72,61,10.29,9.8
367,Yes,101,1,1,2.38,1,123.7,125,59.8,8.63,8.8
368,No,96,1,0,0,1,170.5,86,53,13.88,12.2
369,No,145,1,0,0,1,229.6,82,51,6.91,3.3
370,Yes,193,1,0,0.29,2,96.8,92,31.9,7.13,10.9
371,Yes,36,0,1,5.4,0,196.8,89,110,12.75,20
372,No,101,1,0,0,0,206.6,105,55,11.25,14.6
373,No,89,0,0,0,1,125.6,108,40,10.65,5.4
374,No,98,1,0,0,5,206.5,92,51,8.81,12.4
375,No,138,1,0,0.28,3,171.4,117,41.8,5.76,17
376,No,103,1,0,0,1,246.5,47,59,9.78,11.7
377,No,50,1,0,0.21,1,301.7,82,68.1,8.36,10.5
378,No,125,1,0,0.39,2,131.8,97,38.9,6.84,7.7
379,No,138,0,1,3.16,0,225.2,116,85.6,8.67,11.7
380,No,92,1,0,0,1,197,84,57,13.47,10.8
381,Yes,93,1,1,3.19,4,134.2,105,68.9,8.13,11.8
382,Yes,120,1,0,0,1,212.1,131,54,10.47,5.3
383,Yes,112,1,0,0,5,111.9,92,29,5.7,14.1
384,Yes,224,0,0,0.26,1,171.5,99,45.6,8,5
385,Yes,64,1,0,0,5,148.1,73,40,8.25,12.3
386,No,90,1,0,0,1,261.8,128,64,11.03,9.6
387,Yes,123,1,0,0,2,236.2,135,64,13.7,10.1
388,No,108,1,0,0.21,3,210.7,112,59.1,11.94,9.2
389,No,48,1,0,0,2,171.9,98,43,7.95,7.6
390,No,148,1,0,0.39,1,178.3,98,58.9,14.13,11.4
391,No,129,1,0,0,1,168.4,117,48,10.86,11.8
392,Yes,111,1,0,0,4,172.8,58,45,9.16,7.9
393,Yes,119,1,0,0,2,287.1,115,63,7.97,13.9
394,No,3,1,1,3.08,2,67.4,116,63.8,12.2,11.4
395,No,93,1,1,2.54,2,218.7,117,72.4,5.75,9.4
396,No,61,1,1,2.7,2,252.4,106,86,9.39,10
397,Yes,52,0,0,0,0,251.4,118,60,9.83,11
398,Yes,105,1,1,2.24,4,109.6,108,62.4,12.47,8.3
399,Yes,180,1,0,0,3,224.9,105,60,12.5,6.7
400,Yes,166,0,0,0,0,47.7,89,31,13.22,13.2
401,Yes,92,0,0,0,3,252.3,120,61,10.35,12
402,No,123,1,0,0,3,206.9,85,56,12.24,7.7
403,Yes,85,1,0,0,2,236.9,93,58,9.89,11.4
404,Yes,131,0,0,0.34,3,122.3,83,34.4,5.94,13.7
405,Yes,188,0,1,3.89,1,198.8,115,86.9,8.33,14.4
406,No,35,1,1,1.35,2,181.2,76,59.5,8.88,5
407,Yes,138,0,1,2.89,3,211.2,117,91.9,15.63,10.7
408,No,162,1,1,3.32,0,184.5,139,80.2,9.16,12.3
409,No,91,1,1,2.46,1,216.6,101,76.6,8.66,9.1
410,No,30,1,1,1.78,0,217.4,74,73.8,10.69,6.6
411,Yes,93,0,1,3.78,1,225.7,117,86.8,5.98,14
412,No,111,1,1,1.92,1,127.1,94,61.2,11.42,7.1
413,No,105,1,0,0.3,1,146.4,81,48,11.26,8.5
414,No,145,0,1,3,1,175.3,107,73,7.67,11.1
415,No,111,1,1,3.27,1,193.1,104,75.7,5.58,12.1
416,Yes,128,0,1,2.54,2,223.5,81,80.4,9.44,9.4
417,No,70,1,1,2.54,3,143.4,72,64.4,8.5,9.4
418,No,1,1,0,0,1,144.8,107,35,5.63,13.8
419,No,122,1,0,0,2,119.3,93,40,11.2,8.7
420,No,120,1,0,0,1,131.7,99,37,8.16,10.7
421,No,114,1,0,0.12,1,203.8,85,44.2,4.39,11.7
422,No,32,1,1,2.43,1,243.5,137,86.3,11.84,9
423,Yes,99,1,0,0,7,115.5,75,39,10.91,11.5
424,Yes,40,1,1,2.03,1,224.7,69,70.3,6.73,7.5
425,Yes,105,1,0,0,2,273.8,97,72,14.49,5.8
426,Yes,53,1,0,0,9,228.6,117,51,6.64,10.1
427,Yes,120,0,0,0,1,179.9,72,46,8.5,13.8
428,Yes,71,0,0,0,4,186.1,114,49,9.93,13.8
429,Yes,161,1,0,0,2,322.3,100,75,11.52,7.8
430,No,134,1,0,0,2,7.8,86,16,8.57,12.9
431,Yes,122,1,0,0,1,231.2,141,63,13.39,8.8
432,No,144,1,1,2.7,1,283.9,98,92,9.6,10
433,Yes,98,1,1,2.16,6,168,81,64.6,8.16,8
434,Yes,76,1,0,0,0,299.5,125,71,11.34,13.7
435,No,125,1,0,0,0,163.8,73,50,12.78,15.7
436,Yes,69,0,0,0,2,279.8,90,69,12.44,8.4
437,No,112,1,1,3.11,1,198.8,122,86.1,11.93,11.5
438,Yes,139,0,1,3.62,1,203.5,82,88.2,10.02,13.4
439,No,142,1,1,2.92,1,154,75,70.2,8.29,10.8
440,No,93,1,0,0.23,2,176.1,103,49.3,9.99,8.5
441,No,123,1,1,4.16,1,270.4,99,108.6,12.26,15.4
442,No,30,1,0,0,0,227.4,88,55,9.13,12.5
443,No,110,1,0,0.29,2,149.8,112,43.9,9,11.7
444,Yes,72,1,0,0,4,287.4,116,69,11.77,5
445,Yes,82,1,0,0,0,329.8,73,74,10.42,10.6
446,No,87,1,0,0,1,186.9,79,48,9.13,4.2
447,No,57,1,0,0,0,221.1,101,58,11.84,9.5
448,No,66,1,0,0,1,207.7,85,53,9.84,6.8
449,No,44,0,0,0,1,62.3,92,34,13.75,10.8
450,Yes,49,0,0,0.26,2,237.8,92,61.6,10.45,15.6
451,No,54,0,0,0,3,236.3,91,54,7.64,11.2
452,No,92,1,1,2.75,0,141.6,95,69.5,10.4,10.2
453,No,27,1,0,0,1,72.7,75,31,10.43,9.9
454,Yes,119,1,0,0,1,260.1,101,67,12.83,10
455,No,50,1,0,0,1,183.6,107,37,2.93,8.7
456,Yes,133,0,0,0,0,254.7,103,65,12.61,8
457,No,130,1,0,0,1,150.4,119,46,11.53,12.3
458,No,73,1,0,0,3,198.3,94,58,13.97,14.8
459,No,243,1,0,0,2,95.5,92,31,8.19,6.6
460,No,27,1,0,0,1,227.4,67,60,12.4,7.8
461,Yes,62,1,0,0,4,321.1,105,78,13.28,11.5
462,No,85,1,1,2.57,2,229.6,123,76.7,6.62,9.5
463,No,36,1,1,2.46,1,152.8,110,71.6,12.14,9.1
464,Yes,138,0,0,0,0,196.2,129,49,8.83,15.2
465,No,60,1,0,0,2,98.2,88,33,9.03,9.3
466,Yes,65,1,0,0,4,245.7,139,63,12.1,4.2
467,No,97,1,0,0.27,3,144.2,91,46.7,11.34,13.8
468,No,70,1,0,0.27,0,7.9,100,15.7,6.82,12.1
469,No,86,1,1,3.05,0,145.7,88,72.5,9.55,11.3
470,Yes,121,1,0,0,3,255.1,93,67,13.35,8.8
471,Yes,133,1,0,0,2,295,141,70,11.18,12.9
472,Yes,82,1,0,0.21,0,300.3,109,69.1,9.05,11.7
473,No,113,1,0,0,1,193.8,99,52,11.07,10.6
474,Yes,167,1,0,0,4,131.6,120,41,10.57,11.1
475,No,164,1,0,0,3,192.1,95,54,12.49,7.3
476,No,163,1,1,2.38,1,224,126,81.8,11.68,8.8
477,Yes,154,0,0,0.36,0,145.9,69,46.6,10.41,14.4
478,No,134,1,0,0,1,242.4,126,55,7.65,11.8
479,Yes,58,1,0,0,2,247.2,116,68,15.19,9.3
480,No,107,1,0,0,0,133.8,85,39,9.03,8.9
481,No,108,1,0,0.33,3,193.3,126,50.3,7.74,9.4
482,No,149,1,0,0,0,237.6,79,57,9.62,9.1
483,No,65,1,1,3.24,1,282.3,70,93.4,7.6,12
484,No,66,1,1,1.92,3,88.8,104,44.2,5.48,7.1
485,No,136,1,0,0,0,109.4,91,37,10.38,11.6
486,No,136,1,1,2.7,3,187.7,84,78,11.05,10
487,No,166,1,0,0,0,173.9,103,54,13.82,15.3
488,No,91,1,0,0,1,217.9,71,57,11.51,10.6
489,No,54,1,1,3.05,2,117.6,82,64.5,7.96,11.3
490,Yes,154,1,0,0,1,350.8,75,79,10.83,10.1
491,No,95,1,0,0,4,238.1,65,57,9.36,11.8
492,No,81,1,0,0,2,153.5,99,43,9.88,6.3
493,No,60,1,0,0,1,221.1,106,53,8.93,7.4
494,No,141,1,1,2.05,3,149.7,112,60.5,8.13,7.6
495,No,134,1,0,0.35,2,177.2,91,53.5,11.44,8.9
496,No,129,1,0,0,1,101.4,145,39,12.46,7.1
497,No,104,1,0,0,3,264,108,57,6.61,10.6
498,No,116,1,1,3.19,2,253,78,86.9,6.95,11.8
499,Yes,71,1,0,0,0,278.9,110,64,9.51,11.7
500,No,72,1,0,0.31,2,139.9,117,46.1,11.18,12.7
501,No,122,1,1,4.21,2,146.4,104,75.1,4.49,15.6
502,No,59,1,0,0.51,4,182.5,104,54.1,10.24,11.3
503,No,38,1,0,0,0,149,92,30,2.46,13.9
504,Yes,74,1,0,0.32,2,298.1,112,71.2,10.07,9.7
505,No,140,1,0,0,3,231.9,101,54,8.01,14.3
506,No,126,1,0,0,3,256.5,112,61,9.98,7
507,No,65,1,0,0,1,187.9,116,46,7.88,7.5
508,No,179,1,0,0.32,1,234.5,134,57.2,8.21,6.1
509,No,124,1,0,0,1,193,97,41,4.49,15.3
510,No,118,1,0,0,2,154.6,112,42,9.21,12.6
511,No,113,1,0,0,0,81.3,116,33,11.03,8.9
512,No,72,0,1,1.49,0,139.8,114,50.9,6.91,5.5
513,No,95,1,0,0,1,134.4,104,36,7.62,9.4
514,No,138,0,0,0,1,268.4,81,61,8.72,11.6
515,No,94,1,0,0.22,0,137.5,118,43.2,10.16,13.4
516,No,119,0,1,3.29,0,173,101,80.9,10.47,12.2
517,Yes,159,1,0,0,2,275.8,103,63,9.48,7.4
518,No,107,1,0,0,2,194.5,97,49,9.32,12.7
519,No,19,1,0,0.31,1,201.5,123,49.1,6.46,12.9
520,No,106,1,0,0.26,1,187.1,104,56.6,12.51,11
521,No,99,1,0,0,1,159.7,83,41,7.77,8.4
522,Yes,150,1,0,0,4,178.9,101,45,8.46,13.8
523,No,134,1,0,0,0,244.1,99,63,12.35,7.2
524,No,166,1,0,0.29,1,204.2,115,52.9,9,9.5
525,No,74,1,0,0,3,124.8,114,33,6.65,10.6
526,No,138,1,0,0.18,1,230.1,107,59.8,10.6,13.2
527,No,139,1,0,0,1,165,132,50,12.49,12.6
528,No,165,1,0,0.13,1,156,88,51.3,13.81,9.3
529,No,84,1,1,2,2,193,106,66,7.68,7.4
530,Yes,168,1,0,0,2,163.4,134,49,12.01,11.6
531,No,182,1,0,0.35,1,176.1,90,48.5,8.75,9.7
532,No,45,1,1,2.08,1,91.7,104,49.8,7.53,7.7
533,No,169,0,0,0,3,57.1,98,27,9.99,6.5
534,No,40,1,0,0.25,0,109.4,107,42.5,12.24,7.1
535,No,117,1,1,2.08,3,104.9,115,59.8,11.88,7.7
536,No,131,1,0,0,2,94.4,80,35,10.76,13.1
537,No,112,1,1,2.78,1,286.6,79,103.8,15.77,10.3
538,No,92,1,0,0,1,265.6,82,61,9.04,8.6
539,No,115,1,0,0,2,184.1,98,60,16.35,7.5
540,No,134,1,1,3.21,0,162,82,88.1,16.24,11.9
541,No,140,1,0,0,3,173.2,91,47,9.84,11.2
542,No,117,1,1,3.19,0,216,140,87.9,11.21,11.8
543,No,149,1,0,0,1,187.6,83,50,10.07,8.8
544,No,120,1,0,0,1,252.1,110,63,11.31,13.8
545,No,69,1,0,0.29,2,194.2,122,56.9,12.11,9.7
546,No,117,1,0,0.42,1,161.6,104,49.2,9.82,13.8
547,No,58,1,0,0,2,238.9,107,57,9.36,11.8
548,No,65,1,0,0,2,105.7,95,31,7.09,6.6
549,No,33,1,1,2.3,1,161.9,85,64,7.56,8.5
550,No,100,1,1,2,0,177.1,88,65,8.19,7.4
551,No,184,0,0,0,2,213.8,105,50,7.98,5
552,No,107,0,0,0.29,1,234.1,91,56.9,8.16,10
553,Yes,97,1,0,0,1,256.4,125,67,13.7,11.1
554,No,124,1,1,2.03,1,251.4,104,82.3,11.26,7.5
555,No,122,1,1,3.13,1,163,107,86.3,15.64,11.6
556,No,95,1,0,0,1,149.2,96,48,13.04,8.1
557,Yes,149,1,0,0,3,242.5,83,63,12.27,10
558,No,79,1,0,0,3,222.3,99,51,7.31,8.9
559,Yes,119,0,1,2.08,0,147.2,103,59.8,8.01,7.7
560,No,56,1,1,1.32,1,37.7,115,32.2,7.21,4.9
561,No,130,1,0,0,1,154,95,44,10.3,12.9
562,Yes,103,1,1,3.11,0,149.9,84,72.1,8.55,11.5
563,No,172,1,0,0,2,169.8,123,45,9.16,12.7
564,No,64,1,0,0,3,216.9,78,55,10.55,11.4
565,No,131,1,0,0,1,175.1,73,45,8.6,7.3
566,No,106,1,0,0,0,193.6,66,54,11.91,12.9
567,No,108,1,0,0,0,169.6,99,52,13.21,9.3
568,No,146,1,0,0,0,189.3,77,46,7.8,7.4
569,Yes,149,0,1,2.38,5,126.9,97,59.8,8.35,8.8
570,No,87,1,0,0,3,124.3,91,36,8.67,7.5
571,No,155,1,0,0.34,1,184.6,102,52.4,9.8,7.8
572,No,120,1,0,0,1,178.4,97,45,8.42,9.3
573,No,63,1,1,2.21,0,214.9,86,76.1,9.91,8.2
574,No,99,1,0,0,0,155.3,93,49,13.29,12.4
575,Yes,146,1,0,0,4,138.4,104,38,7.95,3.9
576,No,139,1,0,0,2,203.2,81,48,7.63,9.7
577,No,145,1,0,0,1,175.8,89,54,13.72,12.4
578,No,57,0,1,3.08,2,234.5,130,87.8,9.76,11.4
579,No,130,1,0,0,0,68.4,86,29,9.67,10.4
580,No,73,1,0,0,1,214.3,145,60,13.43,10.8
581,No,86,1,0,0,1,150.8,85,51,14.8,12.5
582,Yes,148,0,0,0.21,0,233.5,81,58.1,9.39,9.6
583,Yes,69,0,1,2.21,1,271.5,98,90.1,12.67,8.2
584,No,27,1,0,0,5,232.1,81,58,10.54,15
585,No,102,1,1,2.75,2,137.4,100,66.5,8.84,10.2
586,No,151,1,0,0.43,0,175.3,106,47.3,7.22,11.8
587,Yes,96,1,0,0,1,180.6,92,47,9.55,10.3
588,No,129,1,0,0,2,216,85,53,9.35,4.9
589,No,71,1,0,0,1,207,112,50,8.69,12.1
590,No,95,1,0,0,2,203.4,96,49,8.43,13.7
591,No,34,1,0,0,2,124.8,82,46,14.11,10
592,Yes,23,1,0,0,2,321.6,107,77,12.58,11.3
593,No,99,1,0,0,2,174.1,102,39,4.96,7.7
594,No,138,1,0,0,3,146.5,101,50,14.23,14
595,No,16,1,0,0.21,2,144.8,84,41.1,8.25,8.2
596,No,121,1,1,1.59,0,193.8,62,65.9,9.88,5.9
597,No,90,1,0,0,2,205.7,138,49,8.1,12.5
598,No,112,1,0,0,3,214.8,112,55,10.49,9.4
599,No,62,1,0,0.29,1,159.9,100,44.9,8.61,5.6
600,No,29,1,0,0,2,196.8,81,48,8.4,12.7
601,No,57,0,1,3.29,2,236.5,94,87.9,8.16,12.2
602,Yes,160,1,0,0,1,234.9,136,63,13.54,13.9
603,No,66,1,1,2.4,0,190.8,100,79,13.07,8.9
604,No,130,1,0,0,0,183,112,38,3.65,9.5
605,No,45,1,0,0,1,78.2,127,35,12.67,18
606,No,112,1,0,0,1,81.6,94,37,13.41,8.6
607,No,190,1,1,2.3,0,166.5,93,67,9.15,8.5
608,Yes,147,0,0,0,0,225.2,111,54,9.25,9.9
609,No,50,1,1,2.13,2,192.6,97,66.3,6.76,7.9
610,No,61,1,1,2.32,0,288.7,101,90.2,10.19,8.6
611,No,112,0,1,2.81,1,200.3,72,79.1,9.89,10.4
612,No,171,1,0,0.25,0,189.8,122,50.5,8.69,10.3
613,No,65,1,0,0,2,153.9,117,45,11.01,8.5
614,No,121,1,0,0.32,1,213.2,79,50.2,6.04,7.5
615,No,116,1,1,2.89,1,232.9,90,81.9,7.61,10.7
616,No,93,1,0,0,1,179.3,93,47,9.44,12.1
617,No,104,1,1,3.59,4,280.2,136,102.9,11.03,13.3
618,No,70,1,0,0,1,197.3,91,60,15.29,6.7
619,No,64,1,0,0.28,2,97.2,80,35.8,9.31,10.4
620,No,152,1,1,3.59,5,239.1,105,94.9,10.46,13.3
621,Yes,127,0,0,0,1,176.9,110,45,8.4,7.7
622,No,52,1,1,3.65,1,133.3,63,75.5,9.21,13.5
623,No,135,1,0,0,0,154.4,130,44,10.19,11.8
624,No,75,1,1,3.62,2,118.5,86,75.2,10.7,13.4
625,No,68,1,1,2.67,0,239.5,82,85.7,10.19,9.9
626,No,132,1,0,0,0,195.1,100,46,7.44,6.7
627,No,127,0,1,2.81,1,95.9,117,58.1,7.98,10.4
628,Yes,130,1,0,0.33,4,271.8,129,70.3,11.86,8.7
629,No,110,1,1,2.62,1,236.3,102,83.2,9.8,9.7
630,No,57,1,1,2.24,0,176.8,94,69.4,9.75,8.3
631,No,56,1,0,0,1,137.2,111,38,8.3,14.3
632,No,171,1,0,0,1,231.2,135,56,9.44,12.3
633,No,169,1,0,0,2,179.2,111,46,8.76,9.9
634,No,92,0,0,0,1,173.1,140,50,12.02,9
635,Yes,23,1,0,0,1,113.1,74,34,8.44,6.9
636,No,67,1,0,0,2,138.9,65,42,10.45,9.2
637,No,91,1,0,0,1,133.8,61,37,7.94,10.5
638,No,141,1,0,0,1,215.6,113,54,10.03,12.4
639,No,159,1,0,0,0,114.8,98,36,9.63,12.2
640,No,115,1,0,0,0,245.2,105,56,7.95,7.2
641,No,196,1,0,0,2,234,109,61,12.48,9.1
642,Yes,77,1,1,4.13,5,143,101,84.3,10.61,15.3
643,No,67,1,0,0,0,109.1,117,38,10.87,12.8
644,No,161,1,0,0,1,151.6,117,45,10.97,4
645,No,61,1,0,0,2,188.9,105,46,7.68,10.2
646,Yes,93,1,0,0.24,1,271.1,101,69.4,11.87,8.4
647,No,160,1,0,0,1,176.2,90,47,9.8,9.2
648,Yes,49,1,0,0,2,266.3,90,63,10.39,14
649,No,143,1,1,2.11,1,141.8,116,60.1,8.37,7.8
650,No,32,1,0,0,0,230.9,87,56,9.37,6.3
651,No,112,1,0,0.38,1,170.4,103,49.8,10.01,11.6
652,No,63,1,0,0,3,117.1,118,42,12.48,11.1
653,No,224,1,0,0.21,3,111.4,133,36.1,8.75,5.5
654,No,65,1,0,0.28,2,192,89,47.8,6.98,5.5
655,No,94,0,0,0.28,1,235.6,131,59.8,9.74,8.6
656,No,94,1,0,0,0,136.2,114,38,8.26,9.6
657,Yes,181,0,0,0.21,0,161.3,83,40.1,6.22,14.1
658,No,76,1,0,0,1,171.1,78,51,12.86,16.2
659,No,61,1,0,0,2,45,108,21,7.57,9.8
660,No,155,1,0,0,2,163,93,46,10.2,15.1
661,No,123,1,0,0,3,150,98,34,4.49,11.1
662,No,62,1,0,0,1,98.9,103,29,6.77,12.2
663,No,147,1,0,0.26,2,124.4,74,51.6,16.05,10.4
664,Yes,99,1,0,0,3,256.4,44,62,10.73,7.9
665,No,82,1,1,2.38,2,163.8,77,63.8,6.75,8.8
666,No,63,1,0,0.36,2,153.5,81,54.6,14.37,6.5
667,No,141,1,1,2.84,3,187.5,99,81.4,12.07,10.5
668,No,130,1,1,3.29,1,174.5,120,81.9,10.88,12.2
669,No,73,1,0,0.31,0,240.3,130,58.1,8.13,11.9
670,Yes,44,1,0,0,0,288.8,86,65,8.8,9.5
671,No,123,1,0,0,3,166.9,98,48,11.09,12.8
672,No,103,1,1,3.19,1,138.8,80,67.9,7.1,11.8
673,No,67,1,1,3.62,0,174.7,86,80.2,8.03,13.4
674,No,64,1,0,0,1,206.2,76,55,11.62,13.6
675,No,114,1,0,0.4,1,172,145,57,13.82,10.1
676,No,106,1,0,0,1,235.2,121,59,11.03,11.8
677,No,122,1,0,0,1,35.1,62,22,9.04,12.7
678,No,31,1,0,0.28,1,166.1,105,37.8,3.97,12.7
679,No,106,1,0,0,0,158.6,112,46,11,9.1
680,No,97,1,0,0,3,211,76,52,9.45,4.7
681,No,91,1,1,3.32,3,232.4,97,89.2,9.3,12.3
682,No,69,1,0,0.27,3,143.6,88,39.7,7.09,10.8
683,No,45,1,0,0.37,1,155.7,110,52.7,13.02,11
684,No,70,1,0,0,1,230.3,110,46,3.9,13.2
685,Yes,13,1,0,0,0,303.2,133,67,8.53,11.5
686,No,98,1,1,2.62,0,278.3,89,82.2,4.67,9.7
687,No,121,1,1,3.24,1,116,85,65.4,7.51,12
688,No,133,1,0,0,2,187,65,44,7.07,10
689,No,92,1,1,2.7,1,151.1,90,70,9.74,10
690,No,116,1,0,0,2,110.9,54,37,10.67,7.9
691,No,136,0,0,0,2,183.4,103,44,7.1,10.4
692,No,86,1,1,2.65,2,99.9,84,66.5,13.18,9.8
693,No,190,1,1,2.67,1,116.7,71,59.7,7.3,9.9
694,No,93,1,0,0.19,2,271.6,71,67.9,11.47,10.9
695,Yes,125,1,0,0.32,2,113,108,37.2,8.46,9.2
696,No,120,1,0,0,1,158,110,44,9.85,10
697,No,86,1,0,0.17,2,70.7,125,31.7,10.55,0
698,No,63,1,1,3.29,1,184.2,111,90.9,15.63,12.2
699,No,36,1,0,0,1,175.1,144,49,10.85,9.9
700,No,104,1,0,0.27,1,183.6,133,44.7,6.04,12.7
701,Yes,145,1,0,0,1,245.8,116,67,14.34,9
702,Yes,109,1,1,3.32,1,166.9,85,81.2,11.06,12.3
703,No,138,1,1,2.21,0,75.8,102,50.1,8.68,8.2
704,No,148,1,0,0,1,17.6,121,17,8.09,10.6
705,No,92,1,0,0,0,208,125,53,9.95,8.6
706,No,86,1,1,3.29,1,167.6,139,71.9,5.65,12.2
707,No,92,1,0,0,2,91.7,90,33,9.69,9.2
708,Yes,60,1,0,0,2,289.8,101,71,12.78,11.7
709,No,113,1,1,3.59,1,44.9,63,55.9,6.71,13.3
710,No,17,1,1,2.19,1,198.5,123,78.9,13.53,8.1
711,No,100,1,0,0,0,203.8,122,59,14.16,12.5
712,No,93,1,0,0.21,0,141.7,95,45.1,11.05,10.2
713,Yes,76,1,0,0,4,107.3,140,39,11.91,10
714,No,119,1,0,0.23,2,154.5,129,45.3,9.68,13.4
715,Yes,115,0,0,0,1,249.9,95,64,12.13,15.3
716,No,67,1,0,0,2,152.5,131,48,12.62,4.9
717,No,116,1,1,3,0,230.6,94,89,11.21,11.1
718,No,147,1,0,0.33,1,212.8,79,57.3,10.21,10.2
719,No,123,1,1,4.21,2,197.6,105,83.1,4,15.6
720,No,194,1,0,0,1,48.4,101,33,14.06,18.2
721,Yes,63,1,0,0,0,261.8,69,66,12.25,14.7
722,No,89,1,0,0,1,137.9,96,40,9.63,11
723,No,89,1,0,0,0,105.9,151,35,9.48,12.7
724,No,109,1,0,0,0,184,120,42,6.02,11
725,Yes,91,0,0,0,2,145,89,40,8.79,16.7
726,No,128,1,1,2.92,0,222.9,136,90.2,13.1,10.8
727,No,202,1,0,0,3,115.4,137,35,8.94,6
728,No,66,1,0,0.31,2,205.1,102,58.1,11.64,9.2
729,No,94,0,0,0,4,243.2,109,54,7.35,7.2
730,No,144,1,0,0,0,133.3,101,45,12.78,11.6
731,No,74,1,1,3.7,0,234.4,113,100,13.3,13.7
732,No,153,1,0,0,1,193.8,90,50,9.77,8.5
733,No,57,1,0,0,0,85.9,92,32,9.7,10.1
734,No,87,1,0,0.42,3,223.2,109,53.2,6.38,14.5
735,No,163,1,0,0,1,197,109,51,10.13,9.1
736,Yes,161,1,0,0,4,332.9,67,84,15.89,5.4
737,No,128,1,1,2.7,1,265.1,110,89,9.87,10
738,No,111,1,0,0.25,2,191.3,80,47.5,6.93,6.4
739,Yes,111,1,0,0,1,294.7,90,76,14.73,10.8
740,Yes,127,1,0,0.26,1,266.6,106,70.6,13.24,5.9
741,No,142,1,0,0,1,232.1,102,54,8.41,9.9
742,No,136,1,0,0.34,1,92,117,41.4,12.68,10.3
743,No,83,0,1,2.86,2,94.7,111,58.6,7.72,10.6
744,No,122,1,0,0,2,180,88,43,7.25,11.5
745,No,78,1,0,0,2,155,106,42,8.77,11.8
746,No,52,1,1,1.43,2,195.7,119,57.3,5.31,5.3
747,Yes,139,1,0,0,5,134.4,106,41,10.57,10.2
748,No,88,1,0,0,2,161.5,92,43,8.68,7.9
749,No,151,1,1,3.62,0,196.5,98,85.2,8.79,13.4
750,No,143,1,0,0.42,2,172.3,97,49.2,8.7,13
751,No,105,1,0,0,1,251.6,88,58,8.76,5.4
752,No,68,1,0,0.28,1,178.7,61,54.8,12.62,8.4
753,No,72,1,0,0,1,175.5,103,42,6.62,11.8
754,Yes,92,1,0,0,3,154,122,55,16.49,5.6
755,No,75,1,1,2.54,3,225.5,119,79.4,9.1,9.4
756,No,76,1,0,0,0,204.2,100,60,14.63,10.5
757,No,114,1,1,3.48,1,125.2,79,71.8,8.89,12.9
758,No,116,1,0,0,2,167.8,119,41,7.1,7.3
759,No,81,1,0,0,4,166.2,102,47,10.88,13.2
760,Yes,106,0,1,3.89,1,270.3,111,103.9,10.76,14.4
761,Yes,95,0,0,0,4,228.9,134,61,12.79,10.1
762,No,85,1,0,0,1,126.1,112,45,13.74,9.8
763,No,74,1,0,0,3,262.3,114,62,9.95,6.6
764,No,129,1,1,3.08,1,211,99,80.8,7.76,11.4
765,No,89,1,1,1.59,0,97.8,98,50.9,10.36,5.9
766,No,157,1,1,1.84,3,192.6,107,68.4,9.78,6.8
767,No,83,1,0,0,3,231.3,100,58,10.52,12.4
768,No,137,1,0,0.23,1,155.5,81,40.3,6.66,9.1
769,No,80,1,0,0,0,206.3,97,49,7.75,12.4
770,No,120,1,0,0,2,184.5,103,50,10.45,10.2
771,No,41,1,0,0,3,223.8,67,59,12.24,12.3
772,Yes,12,1,0,0,1,249.6,118,64,12.62,11.8
773,No,48,1,0,0,2,190.4,92,60,15.88,8.3
774,No,101,1,0,0,3,248.6,102,58,8.75,6.1
775,No,54,1,0,0,1,116.8,119,31,6.16,12
776,No,111,1,0,0,4,222.2,96,52,8.13,11.9
777,No,76,1,0,0,0,186.1,96,50,10.58,8
778,No,84,1,0,0.14,2,226.9,144,57.4,10.08,13.2
779,No,95,1,0,0.22,2,184.2,95,49.2,9.08,12.8
780,No,63,1,0,0,1,207.6,96,55,11.45,13.3
781,Yes,100,1,0,0.34,4,107,63,31.4,5.29,12.8
782,No,82,1,0,0.21,0,135.4,102,46.1,11.86,17.5
783,No,185,1,1,3.73,2,151.1,121,84.3,12.24,13.8
784,No,68,1,0,0,1,157.3,83,46,11.05,12
785,No,21,1,0,0,1,223.2,142,57,10.83,12.4
786,No,147,1,0,0,2,209.4,104,47,6.63,11.3
787,No,103,1,0,0,1,158.7,90,44,9.92,10.5
788,Yes,143,1,0,0,0,223.3,99,53,8.36,4.5
789,No,113,1,0,0,3,132.1,72,44,12.38,6.9
790,No,84,0,0,0,2,299.4,71,57,3.1,6.6
791,No,204,1,0,0,6,174.3,85,52,12.71,5.9
792,Yes,98,1,0,0,1,165,129,46,10.13,12.5
793,No,27,1,0,0,2,201.2,128,54,11.36,8.4
794,No,154,1,1,2.59,0,224,102,80.9,9.6,9.6
795,No,98,1,0,0,4,221.2,80,56,10.68,11.9
796,No,137,1,0,0,3,242.1,118,58,9.55,14.7
797,No,107,1,0,0.21,5,189.7,76,48.1,7.81,8.3
798,Yes,50,0,0,0.34,2,99.6,108,47.4,15.44,13.7
799,No,109,1,0,0,3,154.8,82,51,14.39,5.9
800,No,132,1,0,0,1,169.9,107,47,10.47,11.5
801,No,96,1,0,0.36,1,106.6,128,46.6,14.24,14.9
802,Yes,116,0,1,3.16,3,162.3,91,83.6,13.97,11.7
803,Yes,67,0,1,4.56,0,181.1,59,95.6,10.8,16.9
804,No,96,1,1,2.67,1,145.8,108,68.7,9.61,9.9
805,Yes,84,1,0,0,0,280,113,65,10.11,10.4
806,Yes,90,0,1,3.59,0,169,104,80.9,9.44,13.3
807,No,100,1,0,0,1,131.1,108,38,8.81,4.3
808,Yes,161,1,0,0.16,4,191.9,113,40.6,3.55,13.4
809,No,19,1,1,3.05,1,156.6,97,76.5,11.21,11.3
810,Yes,162,1,0,0,4,70.7,108,26,7.88,9.1
811,No,116,1,0,0,3,245.9,73,63,12.01,8.9
812,No,133,0,0,0,1,127.3,108,43,12.57,10.3
813,No,29,0,1,1.54,2,235,101,71.4,9.17,5.7
814,No,98,1,1,3.48,2,181.6,112,84.8,11.04,12.9
815,Yes,65,0,0,0.31,0,277.9,123,64.1,7.79,9.2
816,No,15,1,0,0,2,121.1,130,39,10.8,16.1
817,No,89,1,1,2.03,2,163.5,80,72.3,13.74,7.5
818,No,171,1,1,1.57,1,186.9,94,68.7,12,5.8
819,No,81,0,0,0.25,0,227.4,105,59.5,10.58,11.9
820,No,86,1,1,2.27,3,157.2,118,66.7,9.82,8.4
821,Yes,197,0,0,0.12,5,127.3,80,42.2,11.12,13.7
822,No,52,1,0,0,1,215.9,67,56,10.85,5.2
823,No,123,1,0,0,0,224,99,56,10.54,2.1
824,No,12,0,0,0,2,216.7,117,47,5.83,9.8
825,No,74,1,0,0,1,172.1,105,48,10.59,11.6
826,No,143,1,0,0,1,155.4,112,52,14.55,13.9
827,No,72,1,0,0,4,217.8,93,54,9.49,10.4
828,No,73,1,0,0.43,1,194.8,112,52.3,8.36,10.8
829,No,131,1,0,0,1,109.5,95,47,16.61,6.6
830,No,80,1,0,0.24,2,203.7,92,56.4,10.82,7.6
831,No,43,1,0,0,1,84.2,134,22,4.04,10.8
832,No,73,1,0,0,0,175.4,130,51,12.41,12.2
833,No,125,1,0,0,1,203.4,110,46,6.44,11
834,No,10,1,0,0,2,186.1,112,48,9.51,11.4
835,No,67,1,0,0.22,4,310.4,97,61.2,3.33,9.2
836,No,166,0,1,2.38,2,128.2,138,69.8,13.73,8.8
837,Yes,108,1,0,0,4,154.2,123,36,5.62,15.4
838,No,189,1,0,0.25,3,227.8,124,56.5,8.48,5.6
839,No,89,1,0,0.38,2,89.7,80,34.8,8.99,9.5
840,No,97,1,1,1.81,1,202.3,97,59.1,3.46,6.7
841,No,125,1,0,0,2,191.6,115,51,10.28,9.2
842,No,103,1,1,2.86,1,153.5,78,75.6,12.1,10.6
843,No,67,1,0,0.14,0,115.5,70,43.4,12.61,7.5
844,No,101,1,0,0,1,154.4,130,45,10.86,13.9
845,No,37,1,0,0,2,199.5,107,52,10.38,8.1
846,No,91,1,1,2.59,1,273,78,90.9,10.78,9.6
847,No,124,1,0,0,3,158.6,104,45,10.56,10.2
848,No,72,1,0,0,0,198.4,147,53,10.85,13.1
849,Yes,120,0,0,0,2,202,123,51,9.22,7.4
850,No,124,1,0,0,1,160.9,109,40,7.21,12.9
851,No,148,1,0,0,1,239.3,84,58,9.79,10.9
852,No,120,1,1,2.84,0,200.3,68,81.4,11.02,10.5
853,No,80,1,0,0.4,2,149.8,123,53,13.82,10.9
854,No,107,1,0,0,3,146.9,94,35,5.72,11.4
855,No,101,1,0,0.3,1,0,0,20,9.61,7.2
856,No,78,1,0,0,1,130.8,64,42,11.19,10
857,No,37,1,1,2.81,0,264.7,81,92.1,10.83,10.4
858,Yes,135,0,1,3.94,0,173.1,85,86.4,10.2,14.6
859,No,82,1,0,0,1,197.7,101,45,6.38,13.5
860,No,96,1,1,2.81,3,183.3,115,77.1,10.07,10.4
861,No,78,1,0,0,2,190.3,88,49,9.73,11.7
862,No,132,1,0,0,0,222.4,85,52,8.27,11.2
863,No,62,1,0,0,2,182.3,101,59,16.41,11.2
864,No,156,1,0,0,3,174.3,95,46,9.33,12.9
865,Yes,145,1,0,0,1,224.2,89,65,15.75,16.1
866,No,56,1,0,0.33,1,210.4,80,54.3,8.83,15.5
867,No,104,1,0,0,0,138.7,107,46,12.85,10
868,No,127,1,0,0,0,261.7,105,60,9.09,3.3
869,No,152,1,0,0,1,206.3,98,60,14.64,10.6
870,No,124,1,0,0,1,131.8,82,47,14.22,11.3
871,No,135,1,1,3.32,1,273.4,141,93.2,7.7,12.3
872,No,86,1,0,0,0,176.3,79,52,12.96,6.2
873,Yes,138,0,0,0,4,46.5,104,24,9.3,9.6
874,No,119,1,1,2.7,1,178.1,110,76,10.64,10
875,No,73,1,0,0,2,234.7,102,57,9.79,8.4
876,No,95,1,0,0,0,198.4,113,54,11.8,10.1
877,No,83,1,1,3.19,1,78.5,109,63.9,10.53,11.8
878,No,111,1,1,3.62,2,96.8,123,67.2,8.53,13.4
879,No,114,1,1,2.27,4,225.8,94,77.7,9.65,8.4
880,No,124,1,0,0,0,178.4,72,51,11.68,12
881,No,53,1,1,3.46,2,131.2,63,76.6,11.37,12.8
882,No,75,1,1,3.05,2,121.5,97,74.5,13.57,11.3
883,No,142,1,1,2.57,0,239.8,103,91.7,14.3,9.5
884,No,102,1,0,0.33,0,144.4,87,51.3,13.33,7.1
885,No,58,1,1,3.11,2,224.1,127,90.1,11.94,11.5
886,No,102,1,0,0,0,158,94,45,10.4,10.1
887,No,193,1,1,3.16,0,71.2,58,54.6,6.24,11.7
888,Yes,115,1,0,0,7,139.3,89,41,9.62,9.3
889,No,137,1,0,0,0,243.4,114,52,6.06,12.2
890,No,139,1,1,2.24,2,231,85,81.4,11.12,8.3
891,Yes,132,1,0,0,5,193.3,106,44,6.42,11.6
892,No,141,1,0,0.26,3,51.9,108,25.6,8.1,10.1
893,Yes,88,1,0,0.39,4,301.5,136,77.9,12.89,13.4
894,No,225,1,0,0,1,182.7,142,53,12.33,8.8
895,No,87,1,0,0.32,1,234.8,85,55.2,7.05,9.5
896,No,84,1,0,0.16,2,130.2,105,47.6,13.9,14
897,No,182,1,0,0.36,2,104.9,111,38.6,9.93,8
898,No,15,1,0,0,2,135.2,101,36,7.63,8.4
899,No,53,1,0,0,2,145.1,116,45,11.69,7.9
900,No,160,1,1,4.1,1,164.6,121,92,13.14,15.2
901,No,129,1,0,0,1,150,98,46,11.62,12.5
902,No,127,1,0,0.27,2,218.6,93,52.7,7.5,9.2
903,No,155,1,0,0,3,165.4,108,44,9.19,8.9
904,No,113,1,0,0,0,158.9,137,48,12.14,6.5
905,Yes,103,0,0,0,1,255.9,128,56,7.05,12.1
906,No,88,1,1,3.46,2,80.3,140,61.6,7.67,12.8
907,No,73,1,0,0.22,2,94.9,121,40.2,12.66,14.2
908,No,84,1,1,3.46,1,153.9,102,73.6,7.04,12.8
909,No,55,1,1,2.97,3,165.6,123,69.7,6.81,11
910,No,93,1,0,0,0,114.3,100,39,11.06,10.9
911,Yes,177,1,0,0,3,266.1,91,65,11.26,8.9
912,No,32,1,0,0,2,164.8,98,48,11.5,14.8
913,No,118,1,0,0,0,154.8,71,48,12.2,12.8
914,No,122,1,1,2.48,7,253.7,84,87.8,11.46,9.2
915,No,16,1,0,0,5,174.7,83,54,14.04,10.5
916,Yes,128,0,1,3.67,0,222.1,89,88.7,8.03,13.6
917,No,138,1,0,0,3,127.1,102,43,12.39,5
918,No,68,1,0,0.41,3,131.6,89,39.1,6.85,10.2
919,Yes,17,0,0,0.36,0,162.8,118,51.6,11.48,13.6
920,No,96,1,1,2.84,1,183.4,126,76.4,9.78,10.5
921,No,155,1,0,0.39,2,216.7,30,53.9,7.22,10.8
922,No,73,1,0,0.41,1,157.6,92,48.1,9.92,9.1
923,No,166,1,0,0,3,199.6,93,53,10.72,7.2
924,No,98,1,1,2.89,2,213.7,61,86.9,12.65,10.7
925,No,35,1,0,0,0,105.6,129,40,12.91,8.7
926,Yes,110,0,1,2.24,1,267.9,103,90.4,13.17,8.3
927,No,125,1,0,0.3,2,169.3,90,46,7.8,11.6
928,No,52,1,0,0.34,2,124.9,131,50.4,15.03,11.6
929,No,105,1,0,0.24,3,115.5,73,45.4,13.37,13.3
930,No,195,1,0,0,0,63.2,108,30,11.01,5.1
931,No,74,1,0,0,0,162.7,102,53,14.6,8.7
932,No,138,1,1,2.62,3,155.2,139,76.2,13.42,9.7
933,No,61,1,0,0,2,197.7,118,47,7.61,7
934,No,166,1,0,0.26,2,197.9,89,57.6,12.55,11.2
935,Yes,108,1,1,2.46,6,209.5,108,69.6,5.48,9.1
936,Yes,76,1,0,0.36,5,129.7,84,41.6,8.88,7.5
937,No,166,1,0,0.39,1,220.7,106,56.9,8.89,12.4
938,No,94,1,1,3.46,1,170.1,124,80.6,9.67,12.8
939,No,67,1,0,0,1,176.2,120,51,11.8,10.6
940,Yes,144,1,0,0,1,278.5,95,68,12.04,11.6
941,No,167,0,0,0,2,219.1,100,58,12.15,10.1
942,No,61,1,0,0.2,1,234.2,76,61,10.84,13.9
943,No,96,1,0,0.21,2,160.2,117,52.1,13.38,9.3
944,No,94,1,1,4.35,0,233.2,88,93.5,5.67,16.1
945,Yes,163,1,0,0.35,0,247.7,77,69.5,13.48,9.6
946,No,144,0,0,0,0,203.5,100,56,12.38,11.9
947,No,68,1,1,2.59,2,122.9,93,66.9,11.68,9.6
948,No,90,1,0,0,0,76.1,121,38,14.52,10.8
949,No,61,1,1,2.94,3,270.7,53,93.4,10.04,10.9
950,Yes,116,1,0,0.33,5,133.3,94,47.3,12.39,11.3
951,No,80,1,0,0,1,118.1,90,33,7.22,8.2
952,No,108,1,1,2.94,1,165.1,85,80.4,13.35,10.9
953,No,97,1,1,2.3,0,168.4,129,71,11.3,8.5
954,No,103,0,0,0,3,171.7,78,42,7.23,6.8
955,Yes,173,1,0,0,0,291.8,143,68,10.72,9.9
956,No,105,0,0,0,0,228.4,100,52,7.26,7.7
957,No,139,1,0,0.29,1,138.1,103,40.9,8.23,8.3
958,No,173,1,1,1.35,3,232.4,96,71.5,10.6,5
959,Yes,68,1,0,0,5,162.1,86,41,7.75,11
960,No,183,1,1,2.35,2,86.5,119,62.5,14.26,8.7
961,No,103,1,0,0,1,166.6,84,45,9.62,7.7
962,No,93,1,0,0.42,0,190.2,68,59.2,13.11,8.8
963,No,106,1,1,2.19,1,83.6,131,53.9,10.2,8.1
964,No,100,0,0,0,4,219.4,112,57,11.29,12
965,No,152,1,0,0.23,1,161.4,84,44.3,8.18,11.8
966,No,141,1,0,0,0,217.1,110,58,12.08,12
967,No,81,1,1,3.08,0,130.1,117,69.8,9.8,11.4
968,No,24,1,0,0,0,235.6,132,50,5.8,16.2
969,No,104,1,0,0,1,225.9,123,53,8.14,10.1
970,No,115,1,1,3.83,2,145,72,80.3,9.73,14.2
971,Yes,29,1,0,0,2,313.2,103,72,10.82,12.8
972,No,90,1,0,0,2,207.2,121,61,14.63,8
973,No,160,1,0,0.28,1,121.8,97,31.8,4.47,10.3
974,Yes,64,0,0,0.18,2,236.2,77,60.8,10.93,13.2
975,No,113,1,0,0,3,215.9,93,58,12.01,4.9
976,No,166,1,0,0,2,203.4,81,49,8.39,9.2
977,No,72,1,0,0,2,137.6,106,36,7.18,9.6
978,No,75,1,0,0,1,203.3,70,55,11.45,14.3
979,No,142,1,1,2.48,3,237.4,105,80.8,8.8,9.2
980,Yes,112,1,0,0.28,2,266,97,66.8,10.73,14.2
981,Yes,64,0,0,0,1,346.8,55,81,12.48,13.3
982,No,13,1,1,3.27,3,315.6,105,104.7,10.45,12.1
983,No,67,1,0,0,0,201.4,101,43,4.88,7
984,Yes,68,0,0,0,1,148.5,126,44,10.97,14.5
985,No,119,1,1,3,0,220.1,128,91,13.41,11.1
986,No,68,1,0,0,2,207.6,68,57,12.58,10.9
987,No,69,1,1,3.56,2,194.9,63,85.6,9.58,13.2
988,No,53,1,1,3.24,2,167.3,99,77.4,9.74,12
989,Yes,129,1,0,0.23,1,137.8,120,45.3,11.29,10.2
990,No,80,1,0,0,3,198.1,160,47,7.84,9.3
991,No,123,1,0,0,2,175.7,78,46,9.23,9.1
992,Yes,76,1,0,0,1,263.4,148,65,11.52,11.4
993,No,123,1,1,4.05,0,218.7,79,92.5,8.17,15
994,No,190,0,0,0,3,111.9,55,38,11.15,10
995,No,19,1,0,0.14,2,186.1,98,55.4,12.72,14.6
996,No,124,1,0,0,3,157.5,70,38,6.54,9.6
997,No,131,1,0,0,0,112.8,133,37,9.97,10.1
998,No,109,1,0,0,2,137,128,42,10.85,10
999,No,120,1,1,2.62,2,212.7,73,85.2,12.88,9.7
1000,No,141,1,0,0,3,260.2,131,60,8.96,7.2
1001,No,56,1,0,0,1,226,112,60,12.43,6.9
1002,No,96,1,1,3.05,1,261.3,96,94.5,11.05,11.3
1003,No,73,1,0,0,2,187.8,95,45,7.46,11
1004,No,129,1,0,0,2,157,113,49,12.85,12.1
1005,No,111,1,1,3.78,1,205.5,114,91.8,10.97,14
1006,No,93,1,1,3.11,1,166.9,101,83.1,13.66,11.5
1007,No,149,1,0,0,0,156,56,32,2.8,8.9
1008,No,105,1,1,2.62,2,88.1,125,56.2,8.8,9.7
1009,No,160,1,0,0.17,1,216.8,77,56.7,10.37,5.6
1010,No,87,1,1,2.11,0,262.8,114,85.1,10.79,7.8
1011,No,33,1,0,0,3,184.4,111,49,10.19,9.3
1012,No,72,1,1,4.46,1,186.7,108,105.6,16.75,16.5
1013,No,112,1,1,3.59,0,60.6,113,60.9,8.3,13.3
1014,Yes,68,1,0,0.21,1,213.9,112,61.1,13.03,8.4
1015,No,155,1,1,1.84,1,128.5,86,56.4,9.42,6.8
1016,No,99,1,0,0,1,191.2,110,47,8.2,14.1
1017,No,95,1,0,0,0,58.2,96,28,10.11,10.4
1018,No,134,1,1,2.32,0,216.8,78,69.2,5.11,8.6
1019,Yes,16,1,0,0,0,229.6,78,57,10.29,10.8
1020,No,85,1,0,0,1,144.4,88,48,13.23,9.9
1021,No,92,1,0,0.16,3,201.9,74,55.6,11.34,13.7
1022,No,76,1,0,0.35,0,179.2,85,53.5,11.15,12.4
1023,No,100,0,0,0.19,0,68.5,110,42.9,16.86,12.1
1024,Yes,132,1,0,0,1,291.2,104,70,11.71,8.9
1025,No,125,1,0,0,1,126.7,108,40,10.3,13.3
1026,No,131,1,1,2.94,2,192.7,85,81.4,11.3,10.9
1027,No,94,1,0,0,1,177.1,112,47,9.7,5.9
1028,No,106,1,0,0,0,178.4,143,52,12.35,9.6
1029,No,190,1,0,0.26,0,142.9,96,42.6,8.9,6.6
1030,No,71,1,0,0,1,277.5,104,59,6.59,8.2
1031,Yes,113,0,0,0,5,122.2,112,32,6.59,10.3
1032,Yes,44,1,0,0.34,4,308.6,139,69.4,7.54,7.3
1033,No,134,1,1,3,2,208.8,130,77,6.65,11.1
1034,No,16,1,0,0,1,153.2,65,46,11.49,10.7
1035,No,36,1,0,0.25,1,253.4,77,61.5,9.12,8.4
1036,No,50,1,0,0,1,131.7,108,41,10.83,11
1037,No,10,1,0,0.42,1,222.2,127,55.2,7.66,12.9
1038,No,38,1,0,0,2,131.2,98,37,8.15,8.2
1039,No,66,0,0,0.28,3,208.7,84,53.8,8.67,8.3
1040,No,50,1,0,0,0,154.7,102,52,14.9,11.1
1041,Yes,178,0,0,0,2,124.5,134,34,7.06,11.4
1042,Yes,108,0,1,3.67,3,130.1,90,73.7,8.35,13.6
1043,No,112,1,0,0,0,208.7,150,54,10.64,8.5
1044,Yes,112,1,0,0,4,174.3,123,42,7.01,9
1045,No,152,1,0,0,1,228.1,93,51,6.82,9
1046,No,83,1,0,0,1,132.4,120,33,6.08,8.6
1047,No,103,1,0,0,5,204.9,107,47,6.76,10.4
1048,No,69,1,0,0,0,185.3,91,51,10.96,5.5
1049,No,194,1,0,0,0,162.3,88,46,10.69,10.9
1050,No,11,1,1,1.89,1,209.8,130,71.9,9.83,7
1051,No,94,1,0,0,2,252.6,104,58,8.45,11.1
1052,No,74,1,0,0,0,177.4,136,51,12.02,12
1053,No,13,1,1,3.05,2,176.6,65,75.5,8.64,11.3
1054,No,89,1,0,0,3,89.5,66,31,8.97,12.3
1055,No,94,0,1,2.57,4,197.1,125,77.7,10.73,9.5
1056,No,153,1,0,0.29,1,154.6,56,51.9,13.15,15.5
1057,No,132,1,1,2.46,1,154.6,128,72.6,12.28,9.1
1058,No,8,1,1,1.3,1,242.9,67,69,8.55,4.8
1059,No,77,1,0,0,1,221.8,84,52,8.3,13.2
1060,No,44,1,0,0,0,202.6,89,49,8.15,8.3
1061,No,111,1,0,0,3,255.9,97,61,10.21,12.3
1062,No,118,1,1,2.57,1,289.5,52,89.7,8.33,9.5
1063,No,84,1,1,3.51,1,159.1,106,75.1,7.49,13
1064,No,45,1,0,0,1,211.3,87,50,8.29,13.3
1065,No,75,1,0,0,1,166.3,125,42,7.91,6.1
1066,Yes,90,0,0,0,4,148.2,96,44,11.02,9.2
1067,No,117,1,0,0.26,2,214.4,94,51.6,6.9,9.9
1068,No,70,1,0,0,3,232.1,122,65,14.62,0
1069,No,132,1,0,0,1,121.5,88,43,12.65,10.7
1070,No,93,1,1,3.16,0,306.2,123,100.6,9.49,11.7
1071,No,101,1,1,4.19,0,200.1,108,92.9,9.45,15.5
1072,No,118,1,0,0.32,1,187.4,97,50.2,8.89,12.2
1073,No,103,1,0,0.33,0,189.8,110,46.3,5.78,12.2
1074,No,46,1,0,0,1,164.2,116,45,9.81,8.1
1075,No,43,1,0,0,0,135.8,125,37,8.16,12.6
1076,No,172,1,0,0,1,211.7,100,53,9.94,6.5
1077,No,101,1,0,0,1,118.6,89,38,9.98,11.5
1078,No,86,1,0,0,1,125.5,139,45,13.49,8.9
1079,No,180,1,1,2.05,1,231.8,78,80.5,11.65,7.6
1080,No,155,1,1,1.38,1,183.3,106,62.8,10.26,5.1
1081,Yes,60,0,0,0,0,205.9,97,59,13.87,11
1082,No,54,1,0,0.16,2,159.8,99,51.6,13.2,9.7
1083,No,123,1,1,0.78,0,146.6,87,42.8,5.74,2.9
1084,No,126,1,1,3.27,0,58.9,125,68.7,15.28,12.1
1085,No,48,1,1,2.05,3,230.9,92,74.5,8.38,7.6
1086,No,120,1,1,3.13,0,299.5,83,96.3,8.17,11.6
1087,No,21,1,0,0,0,225,110,60,12.21,10.7
1088,No,100,1,0,0,2,188.5,152,45,7.42,15.2
1089,Yes,100,1,0,0,6,70.8,94,31,10.78,9.5
1090,Yes,104,1,0,0,0,234.2,128,65,14.66,9.8
1091,No,134,1,0,0,2,258.8,85,56,6.48,10.9
1092,No,80,1,0,0.35,2,127.8,67,41.5,9.08,15.9
1093,No,127,1,0,0,1,182.3,124,46,8.5,9.3
1094,No,89,1,0,0.29,1,178.7,81,53.9,11.69,9.1
1095,No,26,1,0,0,3,234.5,109,59,10.83,3.5
1096,No,153,1,0,0,1,185.3,127,50,10.4,15.1
1097,No,151,1,1,2.32,1,214.7,97,72.2,6.93,8.6
1098,No,157,1,0,0,1,196,74,52,10.67,7.9
1099,No,109,1,0,0,1,184.1,143,50,10.59,9.9
1100,Yes,162,1,1,2.51,1,179.7,144,75.1,10.91,9.3
1101,No,131,1,1,1.4,1,177.1,100,61,9.7,5.2
1102,No,101,1,0,0,1,190.7,72,51,10.43,8.8
1103,No,64,0,1,2.19,0,127.2,93,57.9,8.15,8.1
1104,No,28,1,0,0,3,168.2,87,43,8.09,10.1
1105,No,33,1,0,0,2,251.9,81,60,9.73,8.4
1106,Yes,126,1,0,0,1,321.3,99,69,8.4,8
1107,No,149,1,0,0,2,196.3,108,45,6.84,7.7
1108,No,35,1,0,0.32,2,124.2,102,35.2,6.2,13.1
1109,No,13,1,1,3.48,1,265.3,94,92.8,7.38,12.9
1110,No,107,1,0,0,3,134,104,38,8.73,7.3
1111,No,108,1,0,0,0,239.3,102,60,11.17,10.6
1112,Yes,124,1,0,0,4,143.3,120,44,11.54,7.8
1113,No,105,1,0,0.23,1,232.6,96,64.3,12.67,10.5
1114,Yes,93,1,0,0.29,1,328.1,106,71.9,7.59,8.7
1115,No,61,0,1,3.16,3,128.2,119,68.6,8.59,11.7
1116,No,42,1,0,0,2,184.5,98,49,10.03,8.8
1117,Yes,201,1,0,0,1,225.9,110,64,14.96,11.2
1118,No,159,1,0,0,1,87.7,103,39,13.91,10.5
1119,Yes,41,1,0,0,3,232.1,74,68,16.36,10.9
1120,No,118,1,0,0.43,0,205.2,115,55.3,9.24,7
1121,No,72,1,1,1.57,1,92.8,98,54.7,13.56,5.8
1122,No,79,1,0,0,1,147,72,40,8.29,8.4
1123,No,143,1,0,0.42,0,119.1,117,49.2,14.39,12.2
1124,No,72,1,0,0.42,3,118.2,106,39.2,8.36,12.2
1125,No,141,1,0,0.32,1,83.2,74,34.2,9.53,10.7
1126,Yes,182,1,0,0,2,279.5,118,65,10.16,10.7
1127,No,74,1,0,0,3,230.9,93,59,11.15,9.7
1128,Yes,130,1,0,0,1,263.7,113,61,9.33,18.3
1129,No,91,1,0,0,2,134.7,116,48,14.77,6.6
1130,No,83,1,0,0,0,195,92,52,10.53,11
1131,No,91,0,0,0.31,3,129.9,112,40.1,8.67,11.2
1132,No,90,1,1,1.73,1,124.5,94,58.3,11.59,6.4
1133,No,167,0,0,0,2,244.8,91,47,3.04,10.7
1134,Yes,93,1,0,0,3,267.9,114,65,11.15,11.3
1135,Yes,75,1,0,0,0,305.1,106,68,9.4,8.5
1136,No,72,1,0,0,1,177.1,97,46,9.24,8
1137,No,118,1,0,0,2,224.6,94,58,11.3,12.5
1138,No,50,0,1,2.16,0,307.1,94,98.6,14.47,8
1139,No,86,1,1,2.57,0,119,101,65.7,11.5,9.5
1140,No,164,1,0,0,1,123.3,78,36,8.5,12.7
1141,Yes,102,1,0,0,1,195.7,116,52,10.46,8.3
1142,No,75,1,1,1.43,5,175.8,97,63.3,10.88,5.3
1143,No,146,1,1,2.21,3,154,80,64.1,9.28,8.2
1144,No,82,1,0,0,4,200.3,96,52,10.06,7.1
1145,No,73,1,0,0,1,122,92,33,6.92,5.8
1146,No,147,1,1,3.81,2,243.4,126,103.1,13.69,14.1
1147,No,60,1,0,0,2,180.3,67,49,10.4,12.8
1148,No,141,0,1,3.02,0,258.6,84,93.2,11.1,11.2
1149,No,80,1,0,0,1,160.6,103,48,11.85,10.7
1150,No,97,1,1,1.73,1,117.6,97,54.3,9.82,6.4
1151,No,112,1,0,0,4,193.3,96,56,13.21,9.1
1152,No,163,1,0,0,1,191.3,89,49,9.7,12.8
1153,No,129,1,0,0,1,54.7,131,32,12.81,11.1
1154,No,71,1,0,0.32,3,185,84,55.2,11.63,14.9
1155,No,88,1,0,0,1,113.7,67,34,8.26,10.8
1156,No,115,1,0,0.26,0,210.6,120,51.6,7.66,11
1157,No,176,1,0,0.34,0,169.5,151,42.4,5.65,8.7
1158,Yes,101,1,0,0,1,239,156,64,13.65,13.5
1159,No,205,1,1,2.11,2,175.8,139,65.1,7.75,7.8
1160,No,53,1,0,0,1,164.1,106,46,10.3,11.4
1161,No,158,1,0,0,1,195.9,103,41,4.46,10.3
1162,No,100,0,0,0,1,107.2,98,26,4.34,9.7
1163,No,158,1,0,0,2,155.9,123,46,11.21,8.6
1164,No,136,0,1,2.84,3,203.9,106,79.4,9.38,10.5
1165,No,78,1,1,1.73,2,281.2,93,80.3,8.91,6.4
1166,No,82,1,0,0.17,1,143.9,61,43.7,9.75,11.1
1167,No,45,1,1,2.13,2,135.8,104,63.3,11.13,7.9
1168,No,87,1,0,0,3,177.2,72,52,12.45,8.6
1169,No,209,1,0,0,0,153.7,105,43,9.43,10.7
1170,No,131,1,0,0.46,0,153.4,86,47.6,9.93,10.4
1171,Yes,38,1,0,0.42,5,175.7,109,52.2,10.59,9.2
1172,No,25,1,0,0.33,2,242.6,69,63.3,10.45,14.4
1173,Yes,33,1,1,3.75,4,157.4,99,74.5,5.9,13.9
1174,No,155,1,0,0,3,181.4,111,46,8.39,11.3
1175,No,125,1,1,2.46,2,236.1,107,89.6,14.46,9.1
1176,No,116,1,1,3.13,2,268.6,83,92.3,8.91,11.6
1177,No,48,1,0,0,3,149.2,146,40,8.1,8.3
1178,Yes,73,1,1,3.19,6,82.3,105,67.9,12.81,11.8
1179,No,127,1,1,2.48,3,2.6,113,47.8,12.7,9.2
1180,No,47,1,1,3.56,2,112.8,150,75.6,12.2,13.2
1181,Yes,130,1,0,0.24,0,212.8,102,55.4,9.49,10.6
1182,No,97,1,0,0,1,168.6,87,51,12.96,7.3
1183,No,75,1,0,0.34,1,117.3,114,41.4,10.06,12.2
1184,No,174,1,0,0,1,192.1,97,48,8.5,11.4
1185,No,122,1,0,0,0,136.7,115,44,12.16,8.6
1186,No,95,1,1,2.73,1,260.8,130,90.3,10.67,10.1
1187,No,80,1,0,0.24,1,197.5,114,54.4,10.35,11.3
1188,No,126,1,1,2.35,0,278,88,92.5,12.66,8.7
1189,No,93,1,1,3.05,7,152.3,90,79.5,13.38,11.3
1190,No,134,1,0,0.35,6,204.7,108,50.5,7.16,11
1191,No,180,1,0,0,2,139,96,43,11.25,15.7
1192,No,88,1,0,0,3,61.9,78,33,13.13,8.8
1193,No,83,1,0,0,3,221.4,103,58,11.59,9.8
1194,No,137,1,0,0,1,109.8,120,39,11.53,11.9
1195,No,127,0,0,0.32,2,247.5,99,55.2,5.43,10.6
1196,No,101,1,1,3.4,0,193.9,71,84,9.49,12.6
1197,No,87,1,0,0,1,168.2,92,48,11.24,12.9
1198,No,192,1,0,0.34,2,185,88,54.4,11.25,11.4
1199,No,84,1,1,1.54,2,106.5,65,53.4,11.29,5.7
1200,No,201,1,1,4.08,1,192,97,93.8,11.96,15.1
1201,No,136,1,1,3.08,2,143.1,88,75.8,11.83,11.4
1202,No,78,1,0,0,0,147.1,80,42,9.99,13.7
1203,No,114,1,0,0,2,155.3,75,41,8.5,12.6
1204,No,108,1,0,0,1,187.4,101,49,10,12.6
1205,No,217,1,0,0,4,176.4,115,44,7.94,9.3
1206,No,119,1,1,3.05,0,217.2,94,79.5,6.94,11.3
1207,No,44,1,0,0.35,0,204.6,117,56.5,10.26,10.7
1208,No,148,0,0,0,0,218.9,88,55,10.4,11.1
1209,No,63,1,0,0,0,83,64,30,8.85,13
1210,No,122,1,0,0.29,2,107.9,88,41.9,11.79,9.5
1211,No,98,1,1,0,2,64.6,98,26,8.81,0
1212,Yes,131,0,1,3.73,4,292.9,101,104.3,9.99,13.8
1213,No,173,1,0,0,1,191.4,114,47,8.43,10.3
1214,No,131,1,1,2.54,1,135.9,60,68.4,11.66,9.4
1215,No,124,1,1,3.24,2,144.5,35,79.4,13.12,12
1216,No,122,1,1,2.08,2,166,62,69.8,11.7,7.7
1217,Yes,119,1,0,0,0,294.2,100,70,11.63,9
1218,No,116,1,0,0,0,201.8,82,54,11.58,16.5
1219,No,41,1,1,1.97,2,239.8,110,79.7,11.1,7.3
1220,No,87,1,0,0,0,204.8,101,49,8.05,9.5
1221,Yes,89,1,0,0,5,129.2,71,41,10.71,10.3
1222,No,131,1,0,0,1,166.5,129,47,10.51,9.9
1223,No,106,1,1,3.54,0,220.1,105,92.4,11.11,13.1
1224,Yes,77,1,0,0,0,245.2,87,64,12.71,7.5
1225,Yes,85,1,1,2.51,4,89.8,88,61.1,11.66,9.3
1226,No,138,1,1,2.13,0,19.5,149,37.3,7.05,7.9
1227,No,148,1,1,2.94,1,77.6,141,60.4,10.35,10.9
1228,No,95,1,0,0,1,175.2,91,51,12.22,7.5
1229,No,113,1,0,0,2,150.1,120,43,10.01,11
1230,Yes,115,1,0,0,1,286.4,125,67,10.29,6.9
1231,No,58,1,0,0,3,131.9,96,37,8.38,14.7
1232,No,67,1,0,0,0,179.8,125,46,8.66,10.9
1233,No,127,1,1,3.13,1,143.2,99,70.3,8.5,11.6
1234,No,102,1,0,0,0,114.8,125,27,4.1,12
1235,No,153,1,0,0,2,122.5,145,45,13.67,8
1236,No,45,1,1,3.21,0,196.6,84,93.1,15.66,11.9
1237,No,59,1,1,2.46,0,127.4,110,55.6,5.17,9.1
1238,No,74,1,1,2.67,4,249.4,70,87.7,10.48,9.9
1239,No,35,1,1,2.54,1,241.7,87,79.4,7.1,9.4
1240,No,76,1,0,0,0,203.6,61,49,8.09,8.4
1241,No,109,1,0,0,1,175.6,80,51,11.9,10.2
1242,No,107,0,0,0,2,273.5,104,63,9.19,11
1243,No,91,1,1,2.94,1,169.8,105,64.4,3.26,10.9
1244,No,120,1,1,2.75,5,153.5,84,70.5,9.7,10.2
1245,Yes,138,0,0,0,2,286.2,61,65,9.36,11
1246,No,118,0,0,0,0,223.4,98,57,11.03,6.3
1247,No,93,1,0,0.31,0,151.4,89,45.1,9.32,10.9
1248,No,90,1,0,0,1,140.2,97,43,10.7,7.1
1249,No,93,1,0,0,3,190.7,114,51,10.91,8.1
1250,Yes,114,1,0,0,5,147.1,119,39,8.05,9
1251,No,27,1,0,0.16,1,236.7,110,61.6,11.6,12.7
1252,No,132,1,0,0,2,176.7,132,51,12.21,9.1
1253,No,88,1,1,2.94,1,93.4,106,67.4,12.6,10.9
1254,No,121,1,0,0,2,168.9,128,40,6.2,2.9
1255,No,104,1,0,0.27,5,280.4,127,65.7,8.97,15.2
1256,No,63,1,1,2.78,0,214.2,61,79.8,9.06,10.3
1257,No,71,1,0,0,0,104,92,35,9.85,14.6
1258,No,106,1,0,0,3,212.9,110,53,9.35,6.3
1259,Yes,81,1,0,0,0,324.7,48,76,11.82,13.1
1260,Yes,119,1,0,0,2,81.9,75,36,12.69,8.9
1261,No,51,1,0,0,1,259.9,114,60,8.81,15.3
1262,No,137,1,0,0.13,3,115,130,33.3,6.89,7.3
1263,No,36,1,0,0,0,117.1,94,40,11.77,9
1264,Yes,78,1,0,0.4,4,103.5,115,32,5.9,12
1265,No,155,1,0,0,2,262.4,55,62,9.73,8.3
1266,Yes,111,1,0,0,5,123.1,88,40,10.7,12
1267,No,118,1,0,0,2,113,80,32,7.51,10.8
1268,No,159,1,0,0,1,169.8,114,46,9.89,11.6
1269,No,78,1,0,0,1,87.7,74,34,10.74,10.8
1270,No,100,1,0,0,1,115.9,87,30,5.57,7.1
1271,No,121,1,0,0,2,134.1,112,40,9.76,10.5
1272,Yes,89,0,1,3,0,112.6,114,72,13.09,11.1
1273,Yes,147,1,0,0,0,274,92,67,11.59,6.2
1274,No,172,1,1,2.38,1,274.9,102,86.8,9.33,8.8
1275,No,147,0,0,0,0,157,79,36,5.16,7.1
1276,No,65,1,0,0,1,213.4,111,57,11.73,2.7
1277,No,104,0,0,0,0,148.2,108,39,8.09,11
1278,No,176,1,0,0,2,250.9,108,58,8.57,9.6
1279,No,193,1,1,3.32,1,124,102,72.2,10.15,12.3
1280,No,39,1,0,0,2,154.1,104,44,10.21,9.8
1281,Yes,88,1,0,0,5,131.5,99,38,8.74,7.9
1282,No,94,1,0,0,1,190.6,108,46,7.62,7.5
1283,No,82,1,1,1.27,3,232.6,121,65.7,7.66,4.7
1284,No,57,1,1,3,2,193.4,105,83,11.58,11.1
1285,No,52,1,0,0,3,148.3,83,41,9.08,8.3
1286,No,165,1,0,0,0,207.7,109,50,8.24,7.9
1287,No,3,1,0,0,3,185,120,49,10.19,14.1
1288,No,116,1,0,0.23,2,217.3,91,58.3,10.81,11.3
1289,Yes,62,0,1,3.56,0,218.4,93,93.6,11.84,13.2
1290,No,136,1,0,0.3,2,142.3,79,41,7.9,6
1291,Yes,125,0,1,4.59,1,260.8,81,104.9,8.19,17
1292,No,139,1,1,4,0,214.6,101,97,11.76,14.8
1293,No,38,1,0,0,2,137.8,86,48,14.32,14.1
1294,No,67,1,0,0,1,210.7,116,55,10.96,7.2
1295,No,13,1,0,0,1,58.4,121,33,13.11,11.9
1296,No,146,1,1,2.73,2,180.7,82,73.3,8.69,10.1
1297,No,117,0,1,1,1,196,82,71,16.14,3.7
1298,Yes,100,0,0,0,2,159.9,94,43,9,11.6
1299,No,129,1,0,0,3,207,91,49,7.75,13.4
1300,No,67,1,0,0,2,171.7,80,39,5.52,11.9
1301,No,76,1,1,2.57,3,160.1,107,67.7,8.44,9.5
1302,No,117,1,1,3.21,1,153.2,112,81.1,13.17,11.9
1303,No,115,0,0,0,1,180,119,48,9.94,12.4
1304,No,80,1,0,0,1,239.9,121,53,7.12,9.3
1305,No,90,1,0,0.22,2,222,93,56.2,9.35,12.4
1306,No,41,1,0,0,1,143.6,117,38,7.62,8.6
1307,No,34,1,1,2.89,2,151.5,100,75.9,12.44,10.7
1308,No,109,0,1,2.51,0,217.2,138,75.1,7.28,9.3
1309,No,116,1,0,0.35,2,205,90,50.5,7.05,7.5
1310,Yes,108,1,0,0,0,198.5,99,57,13.39,9.4
1311,No,52,1,0,0.32,3,191.9,108,59.2,13.49,7.8
1312,No,85,0,0,0,3,116.2,86,40,11.49,10.1
1313,No,36,1,0,0.34,0,157.6,117,46.4,9.22,11.9
1314,No,86,1,1,3.43,2,261.2,122,97.3,10.71,12.7
1315,No,144,1,1,2.7,1,219.9,102,84,11.11,10
1316,No,128,1,1,4.32,1,142.3,73,84.2,9.74,16
1317,No,78,1,0,0,3,75,116,34,12.44,9.5
1318,No,82,1,0,0,4,185.8,36,56,13.83,5.7
1319,No,51,1,0,0,1,197.8,60,53,11.05,8.9
1320,No,72,1,1,2.21,2,138.1,113,68.1,13.01,8.2
1321,No,113,1,0,0,3,92.6,85,31,8.88,14.4
1322,No,137,1,0,0,1,147.2,119,42,9.64,10.2
1323,No,147,1,1,2.81,3,251.5,107,91.1,11.71,10.4
1324,No,74,1,0,0,0,155.7,116,42,8.69,8.1
1325,Yes,161,1,0,0,1,297.9,141,71,11.91,8.9
1326,No,48,1,0,0,1,198.2,73,51,10.14,5.1
1327,No,49,1,0,0,2,119.4,69,44,13.67,12.4
1328,No,127,1,1,1.97,0,203.8,118,77.7,13.36,7.3
1329,Yes,144,1,1,1.76,2,189.8,96,60.6,6.17,6.5
1330,No,63,1,0,0.27,3,211.8,84,58.7,11.55,10.7
1331,No,105,1,1,2.7,0,179.4,113,81,13.77,10
1332,No,73,1,1,1.7,2,173.7,117,64,10.2,6.3
1333,No,37,1,0,0,3,191.4,116,47,8.37,14
1334,No,99,1,0,0,1,54.8,92,25,8.65,7.5
1335,No,169,1,0,0,2,142.5,82,44,11.57,10
1336,No,67,1,0,0.42,1,167.8,91,47.2,8.39,8.4
1337,No,88,1,1,4.35,1,219.5,78,100.5,11.11,16.1
1338,No,103,1,0,0,1,141.3,123,46,12.68,6.4
1339,No,75,1,0,0,1,138.5,110,37,7.66,11.1
1340,No,123,1,1,1.78,3,212.3,77,75.8,12.58,6.6
1341,No,113,1,1,3.13,0,183.8,102,78.3,9.17,11.6
1342,No,124,1,0,0,3,234.4,61,56,8.97,10.4
1343,No,75,1,1,3.05,1,198.2,107,88.5,14.02,11.3
1344,No,106,1,0,0,4,207.9,91,50,8.6,14.4
1345,No,135,1,0,0,1,246.8,129,58,9.39,12.6
1346,No,91,1,0,0,0,149,115,47,12.27,8.3
1347,No,179,1,0,0,0,116.1,101,37,10.09,11.6
1348,No,133,1,0,0,3,143.8,71,41,9.2,12.9
1349,No,77,1,0,0,1,67.7,68,29,9.79,12
1350,Yes,105,1,0,0,0,226.9,106,55,9.11,11.6
1351,No,74,1,0,0,1,203.8,77,53,10.26,9
1352,No,133,1,0,0,4,221.1,133,52,8.01,8.4
1353,Yes,107,1,0,0,1,222.3,101,63,14.3,12.1
1354,No,89,0,0,0,0,206.9,134,50,8.39,10.9
1355,No,97,1,1,2.97,1,133.2,135,71.7,10.86,11
1356,Yes,84,1,0,0,3,225.9,86,62,13.78,14.3
1357,Yes,106,0,0,0,1,133.7,45,39,9.39,10.7
1358,No,105,0,0,0.31,3,150,106,54.1,14.69,10.3
1359,No,146,1,0,0,3,195.9,86,53,11.43,12.2
1360,No,87,1,0,0,1,205.2,106,44,4.98,13.4
1361,No,121,1,1,2.54,0,211.9,110,80.4,10.76,9.4
1362,No,40,1,0,0,1,115.7,105,31,6.39,9.3
1363,Yes,24,1,0,0,2,265.6,86,63,10.44,11.1
1364,No,51,1,0,0,0,169.3,111,41,6.98,12
1365,No,22,1,0,0,2,181.8,108,48,9.93,9.3
1366,No,133,1,0,0,0,227.4,90,45,3.66,4.7
1367,No,89,1,0,0,2,141.1,92,46,12.46,10.8
1368,No,101,1,0,0,0,124.8,66,44,12.86,13.4
1369,No,119,1,0,0,1,134.9,70,41,10.58,11.3
1370,No,112,1,0,0,1,261.4,108,58,7.73,11.6
1371,No,116,0,0,0.3,3,215.4,104,58,10.24,12.6
1372,No,153,1,1,4.16,0,235.6,74,101.6,11.4,15.4
1373,No,75,1,0,0,1,111.7,121,40,11.87,13.1
1374,No,184,1,0,0.21,2,151.7,93,43.1,8.93,13.1
1375,No,144,0,0,0.27,0,150,69,52.7,14.3,9.4
1376,No,120,1,0,0,3,203.3,108,57,13,7.8
1377,No,105,1,0,0.17,3,212,113,57.7,11.33,8.9
1378,No,80,1,1,2.89,4,166.4,92,77.9,11.92,10.7
1379,No,127,1,1,3.02,1,183.2,117,72.2,6.34,11.2
1380,No,78,1,0,0,0,208.9,119,57,12.62,12.8
1381,No,31,1,0,0,1,165.4,84,46,10.19,8.2
1382,No,53,1,0,0,3,57.5,95,33,13.28,11.6
1383,No,34,1,0,0,1,128.8,80,40,10.44,14
1384,No,94,1,0,0,4,181.8,85,49,10.12,9.2
1385,No,92,1,0,0.25,2,196.5,82,52.5,9.5,10.8
1386,No,155,0,0,0,2,250.8,146,56,7.63,10
1387,No,116,1,0,0.23,3,173.5,93,48.3,9.71,16.2
1388,No,87,1,0,0,2,238,97,55,8.23,10.6
1389,No,121,1,1,3.08,1,68.7,95,60.8,10.46,11.4
1390,No,143,1,1,2.08,1,141.4,130,60.8,9.32,7.7
1391,No,39,1,1,3.24,1,141.7,121,76.4,11.62,12
1392,No,124,1,0,0,0,253.5,104,54,5.9,14
1393,No,83,1,0,0,0,202.3,87,52,10.08,6.8
1394,No,83,1,1,4.75,2,191.3,95,101.5,12.54,17.6
1395,No,190,1,0,0,1,169.4,102,51,12.68,8.9
1396,No,93,1,1,2.16,2,178.7,134,67.6,8.93,8
1397,Yes,97,0,0,0.38,0,236.9,107,57.8,7.88,7.3
1398,No,108,1,0,0,2,240.2,78,61,11.52,5.2
1399,No,87,1,0,0,0,171.6,119,47,10.25,13.8
1400,No,110,1,0,0,3,151.8,106,38,6.9,11.2
1401,No,105,1,1,3.48,0,101.9,79,71.8,11.16,12.9
1402,No,82,1,0,0,0,199.3,112,51,9.67,7
1403,No,94,1,0,0,1,163.5,136,41,7.19,12.6
1404,No,151,0,0,0.26,0,198.7,70,54.6,10.48,12.4
1405,No,84,1,0,0,1,181.5,129,42,6.54,8.5
1406,No,112,1,0,0,0,170.5,113,46,9.66,11.2
1407,No,24,1,0,0,1,241.9,104,54,7.26,6.6
1408,No,148,1,1,3.05,1,241.7,84,86.5,8.29,11.3
1409,No,148,1,1,4.1,2,244.9,150,93,5.9,15.2
1410,No,85,1,0,0,2,211.5,100,52,9.23,13.3
1411,No,119,1,1,3.19,2,154,114,81.9,13.9,11.8
1412,No,157,1,1,4.05,1,219.2,102,95.5,10.3,15
1413,No,141,1,1,2.73,1,148.6,91,64.3,6.56,10.1
1414,No,102,1,0,0.33,1,271.1,80,64.3,8.6,10.3
1415,No,106,1,1,2.21,3,88.5,100,65.1,16.24,8.2
1416,No,63,1,0,0.37,0,211.2,80,60.7,11.89,12.3
1417,No,108,1,0,0,0,199.3,104,53,11.21,15.2
1418,No,64,1,1,2.03,0,180.1,106,62.3,6.38,7.5
1419,No,93,1,0,0.24,1,239.8,70,65.4,12.59,10.9
1420,Yes,80,0,0,0,2,189.1,122,52,11.16,13.9
1421,No,112,1,0,0.26,3,189.4,83,53.6,10.95,7.1
1422,No,166,1,0,0.23,0,152.1,95,39.3,6.05,9.8
1423,No,131,1,1,2.57,3,214.2,115,76.7,8.09,9.5
1424,Yes,89,1,0,0,1,326.3,112,70,8.26,7.5
1425,No,103,1,1,3.92,2,185.4,105,88.2,9.88,14.5
1426,No,100,1,0,0.21,2,235.8,130,58.1,8.8,7.3
1427,Yes,117,0,0,0,1,54.2,100,35,15.16,8.6
1428,No,101,1,0,0,1,231.3,87,59,11.24,7.2
1429,No,128,1,0,0.36,3,247.3,91,61.6,9.14,14.7
1430,No,172,1,0,0,0,172.5,85,51,12.66,5.9
1431,No,59,1,1,2.3,2,120.9,97,62,10.65,8.5
1432,No,58,0,1,2.4,1,142.8,96,72,13.62,8.9
1433,No,200,1,0,0,1,128.2,87,34,6.66,11.2
1434,No,112,1,0,0,3,206.2,122,50,8.23,12.6
1435,No,126,1,0,0,0,161.4,110,47,11.03,5.1
1436,No,56,1,0,0.32,2,91.1,90,34.2,8.97,11.9
1437,No,56,1,0,0,3,150.9,79,40,8.09,11.7
1438,No,96,1,1,2.92,2,247.6,95,93.2,12.82,10.8
1439,No,163,1,1,2.81,1,160,104,72.1,9.47,10.4
1440,Yes,107,0,0,0,3,133.3,106,39,9.15,12.9
1441,No,40,0,0,0,3,170.7,55,45,8.96,8.2
1442,Yes,92,1,0,0,2,184.7,60,54,13.1,12.3
1443,No,33,0,0,0,0,164,99,41,7.66,6.4
1444,No,84,1,1,3.05,0,214.3,112,83.5,9.41,11.3
1445,No,191,1,0,0,1,162,104,49,12.06,10.9
1446,No,123,1,0,0,1,163.1,119,49,12.47,9
1447,Yes,169,1,0,0.25,3,266.7,105,61.5,7.91,13.8
1448,No,95,1,1,3.21,1,129.5,106,76.1,12.45,11.9
1449,No,47,1,1,3.48,2,196.6,93,88.8,12.07,12.9
1450,No,121,1,0,0,0,103.3,110,29,6.46,10.7
1451,No,127,1,0,0,2,139.6,94,45,12.05,8.8
1452,No,86,1,0,0,1,83.8,121,35,12.01,6.7
1453,No,116,1,0,0.24,3,192.1,98,62.4,15.65,7.9
1454,No,161,1,0,0,1,178.1,109,43,7.33,8.5
1455,Yes,46,1,0,0,2,257.4,67,66,13.06,13.4
1456,No,127,1,0,0.33,2,221,100,55.3,8.04,6.8
1457,No,111,1,0,0,0,176.4,62,48,10.05,11.2
1458,No,166,1,0,0,0,136.1,116,39,9.07,11.3
1459,No,130,1,0,0,2,211.2,119,56,11.56,6.3
1460,No,101,0,0,0.38,0,193.7,108,52.8,9.33,11.6
1461,No,126,1,0,0,1,190.9,143,46,7.49,13
1462,No,43,1,0,0.35,0,179.3,97,55.5,12.64,8
1463,No,115,1,0,0,2,178.7,114,54,13.55,16.4
1464,No,98,1,0,0,0,216.8,86,54,9.54,11
1465,No,70,1,0,0.31,0,59.5,103,35.1,12.86,11.1
1466,No,21,1,0,0.3,1,244.7,81,59,8.4,6.6
1467,No,97,1,1,2.24,3,121.1,105,65.4,13.01,8.3
1468,No,3,0,0,0.26,1,161,96,51.6,12.25,7.7
1469,No,104,1,0,0,0,263.4,101,65,11.78,13
1470,No,115,1,0,0,2,195.9,111,53,11.35,13.2
1471,No,63,0,1,2.7,1,151.5,99,66,7.39,10
1472,No,92,1,1,2.7,2,152,95,77,13.75,10
1473,No,129,1,1,2.78,2,193,99,79.8,11.24,10.3
1474,No,158,1,0,0.33,1,175.9,105,49.3,9.42,11
1475,No,98,1,0,0,1,169.9,77,41,6.92,8.5
1476,No,120,1,1,2.86,0,244.3,140,97.6,16.12,10.6
1477,No,41,1,0,0,2,237.8,92,60,11.18,10.2
1478,No,118,1,0,0,1,136.1,120,41,10.21,11.3
1479,No,55,0,0,0,1,269.6,121,61,8.59,8.2
1480,No,25,1,0,0.14,3,119.3,87,40.4,10.58,10.5
1481,No,174,1,0,0,3,124.3,76,45,13.86,15.5
1482,No,178,1,0,0,1,275.4,150,63,9.38,13.6
1483,No,149,1,0,0.37,1,207.3,115,56.7,9.92,8.6
1484,No,52,1,0,0,2,217,104,50,7.62,11.8
1485,No,93,1,1,2.97,0,116.9,120,69.7,11.62,11
1486,No,116,1,0,0,0,160.7,69,40,7.34,8.2
1487,No,121,1,1,2.62,5,263.1,70,95.2,13.97,9.7
1488,No,55,1,1,1.97,1,207.7,91,72.7,9.99,7.3
1489,Yes,65,1,0,0.29,4,129.1,137,44.9,11.43,12.7
1490,No,85,1,0,0,1,102,95,41,13.51,10.7
1491,No,171,1,1,2.75,3,223.2,77,81.5,9.16,10.2
1492,No,131,1,0,0,1,110.9,74,29,5.78,15.8
1493,No,94,0,0,0,1,170.1,113,53,13.59,8.7
1494,No,94,1,0,0,1,206.1,49,55,11.23,13
1495,Yes,87,1,0,0,2,322.5,106,73,10.23,9.4
1496,No,105,1,0,0,2,102.8,74,42,14.09,13.2
1497,No,52,1,0,0,0,165.5,78,46,10.28,12.2
1498,No,112,1,0,0,2,101.1,119,36,10.72,10.3
1499,No,34,1,0,0,1,180.6,65,55,14.02,5
1500,No,80,1,1,1.03,1,190.3,115,65.3,12.83,3.8
1501,No,113,1,1,2.75,2,205,101,75.5,7.6,10.2
1502,No,138,0,0,0,1,169.3,82,48,10.9,9.4
1503,No,65,1,0,0,2,148.7,80,48,12.95,12.7
1504,No,105,1,1,2.35,2,147,112,65.5,9.87,8.7
1505,No,102,1,1,1.7,3,125.3,92,51,7.06,6.3
1506,Yes,78,0,0,0,1,236.8,141,63,13.27,9.5
1507,Yes,122,1,0,0.29,4,157.1,134,45.9,9.25,8.5
1508,No,165,1,1,4.32,0,111.6,140,81.2,10.67,16
1509,No,74,1,0,0.45,2,225.2,93,61.5,10.76,9.1
1510,No,90,1,0,0,1,246.4,83,56,8.02,7.6
1511,No,101,1,1,2.57,2,219.7,137,79.7,9.34,9.5
1512,No,149,1,1,3.05,2,264.4,102,94.5,10.98,11.3
1513,No,104,1,0,0.23,2,182.9,113,54.3,11.98,5.5
1514,No,73,1,0,0,4,183.4,80,52,12.1,7.5
1515,No,148,1,1,3.32,1,252.9,129,101.2,14.22,12.3
1516,No,145,1,0,0,2,187.9,110,49,9.85,4.8
1517,No,140,1,0,0,1,149.8,134,40,8.22,8.1
1518,No,70,1,0,0.17,0,126.3,99,35.7,7.08,9.6
1519,No,66,1,1,1.46,2,254.9,108,78.6,12.16,5.4
1520,Yes,132,1,0,0,4,197.8,66,46,6.7,10.9
1521,Yes,88,1,0,0,4,166.7,61,44,8.97,6.8
1522,No,99,1,0,0,2,140.7,88,42,10.55,12.4
1523,No,125,1,1,2.75,1,120.5,104,67.5,11.39,10.2
1524,Yes,134,1,0,0,0,296,93,70,11.32,12.3
1525,No,116,1,1,2.97,1,182.8,122,79.7,10.64,11
1526,No,85,1,0,0,4,183.4,111,46,8.44,9.9
1527,No,124,1,0,0,3,178.3,102,51,11.75,10.9
1528,No,112,1,0,0,2,185.4,114,48,9.57,10
1529,No,121,1,1,2.73,4,237.1,63,85.3,10.28,10.1
1530,No,79,1,0,0,2,236.8,135,57,9.32,10.4
1531,No,65,1,1,3.38,4,208.8,119,81.8,7.11,12.5
1532,No,40,1,1,1.67,2,148.1,74,56.7,8.48,6.2
1533,No,85,1,0,0,1,176.4,122,50,11.25,11.5
1534,No,90,1,1,3,0,193.3,66,86,13.17,11.1
1535,No,81,1,0,0,2,173.2,80,50,11.81,11.8
1536,No,94,1,0,0,3,212.1,98,53,9.47,8.4
1537,No,185,1,1,2.03,1,189.8,126,67.3,8.17,7.5
1538,No,107,1,1,3.89,2,283.4,104,106.9,11.21,14.4
1539,Yes,1,1,0,0,5,182.1,106,43,6.75,10
1540,No,90,1,1,3.48,1,71.2,82,62.8,9.08,12.9
1541,No,101,1,1,2.21,2,118.9,112,62.1,11.42,8.2
1542,No,62,1,1,2.75,0,137.3,95,66.5,9.21,10.2
1543,No,59,1,0,0.28,3,160.9,95,51.8,12.56,5
1544,No,111,1,0,0,4,229.4,107,58,10.71,10.4
1545,No,15,0,0,0,2,141.4,80,35,6.2,8.1
1546,No,120,1,1,1.94,2,221.9,114,79.4,12.74,7.2
1547,No,75,1,0,0,2,147.5,110,42,9.59,16.4
1548,No,109,1,0,0,0,200.1,72,60,15.05,11.9
1549,No,39,1,0,0,0,93.3,83,33,9.98,6.5
1550,No,108,1,0,0,2,73.8,105,25,7.17,10.9
1551,Yes,71,0,0,0,3,178.2,113,45,8.39,13.6
1552,No,35,1,0,0.32,2,149.3,113,49.2,12.11,8.9
1553,No,124,1,0,0,2,254.3,113,50,3.95,11.8
1554,No,98,1,0,0.39,2,136.1,82,40.9,7.82,10.1
1555,No,150,1,0,0.26,1,146.3,133,45.6,10.14,13.1
1556,No,181,1,1,2.86,1,190.3,93,82.6,12.45,10.6
1557,No,119,1,1,3.13,1,132,100,69.3,8.67,11.6
1558,Yes,105,1,0,0,0,281.3,124,74,15.08,8.7
1559,No,78,1,1,2.92,6,210.3,116,82.2,9.61,10.8
1560,No,31,1,1,1.59,0,100.1,54,53.9,12.32,5.9
1561,No,104,1,0,0,1,156.2,93,43,9.65,13.1
1562,No,99,1,1,2.08,3,244.1,71,79.8,10.17,7.7
1563,No,51,1,1,2.24,0,276.7,121,87.4,10.19,8.3
1564,No,90,1,0,0,1,200.9,92,49,8.22,8.9
1565,No,79,1,0,0,1,41.9,124,26,10.55,11.4
1566,No,119,1,0,0.39,1,176.8,90,53.9,11.24,7.5
1567,Yes,40,1,0,0,6,81.7,123,32,10.51,11.3
1568,No,77,1,1,3.05,0,204.9,84,82.5,10.05,11.3
1569,No,58,1,1,2.57,1,194.5,110,77.7,10.69,9.5
1570,No,136,0,0,0,3,256.8,90,64,11.51,9.1
1571,No,119,1,0,0,3,98.8,97,30,7.35,10
1572,No,148,0,0,0,2,148.2,138,39,7.98,8.6
1573,No,88,1,0,0,1,218.2,76,52,8.47,8
1574,No,110,1,0,0,3,185.1,100,46,8.26,6.3
1575,No,91,1,1,1.51,1,175.3,96,68.1,13.12,5.6
1576,No,112,1,1,3.11,4,225.2,89,92.1,12.84,11.5
1577,No,112,1,0,0.27,2,217.1,76,57.7,10.26,9.4
1578,No,111,1,0,0,1,214.3,118,55,10.43,12
1579,No,137,1,0,0.26,0,144,90,42.6,9.08,12.3
1580,No,122,1,0,0,3,173.6,110,38,4.59,9.7
1581,No,69,1,1,4.43,0,268.8,78,111.3,12.33,16.4
1582,No,91,1,0,0,3,189.3,100,53,11.97,9.9
1583,No,129,1,1,4.43,1,192.8,103,92.3,8.85,16.4
1584,No,103,1,0,0,3,173.5,83,51,12.22,9.7
1585,Yes,88,1,0,0,4,73.3,86,27,8.07,8.2
1586,Yes,61,1,1,1.73,4,187.5,124,62.3,7.33,6.4
1587,No,47,1,1,2.08,2,165,89,59.8,6.37,7.7
1588,No,75,1,1,3.54,3,163.6,132,76.4,7.34,13.1
1589,No,105,1,0,0,4,162.3,99,46,10.63,11.1
1590,No,146,0,0,0,2,160.1,63,45,10.42,9.2
1591,No,123,1,0,0.15,3,211,92,56.5,10.85,9.8
1592,No,124,1,1,2.4,1,161.2,109,69,10.21,8.9
1593,Yes,152,1,0,0,1,317.8,60,68,7.65,10.4
1594,No,58,1,0,0.29,2,243.1,105,63.9,11.57,7.8
1595,No,56,1,0,0,4,222.7,133,62,13.85,13.6
1596,No,123,1,0,0,0,128.7,126,32,5.88,10.8
1597,No,67,0,0,0,2,120.9,58,41,11.75,11.4
1598,No,90,1,1,3,2,185.6,106,81,10.99,11.1
1599,No,84,1,0,0,1,75.3,96,29,9,12.3
1600,No,101,1,1,3.92,1,144.1,144,78.2,8.38,14.5
1601,No,93,1,0,0,3,266,120,57,6.51,13.1
1602,Yes,124,0,0,0,3,157.8,71,45,10.16,10
1603,No,90,1,0,0,3,113.2,108,36,9.47,14.1
1604,No,137,1,0,0.45,4,230.2,113,62.5,11.02,10.7
1605,No,77,1,1,1.92,2,209.7,73,71.2,9.18,7.1
1606,No,25,1,0,0.26,2,178.8,90,45.6,7.06,8.4
1607,No,152,1,0,0,2,141.5,102,47,13.15,3.4
1608,No,126,1,0,0,1,122.4,88,34,7.19,11.5
1609,No,99,1,0,0,3,146.7,64,49,13.7,8.9
1610,No,85,1,1,1.7,5,283.2,110,86,11.99,6.3
1611,No,109,1,0,0,1,217,115,55,10.35,8.2
1612,No,127,0,0,0.3,1,256.5,87,66,11.11,13
1613,No,105,1,1,2.4,1,186.9,114,78,12.82,8.9
1614,No,98,1,0,0.3,3,126.3,102,39,8.34,9.4
1615,No,107,1,0,0.47,3,212.1,95,53.7,7.51,7.7
1616,Yes,55,1,1,2.97,4,130.5,114,69.7,10.42,11
1617,No,85,1,0,0,0,212.3,107,56,11.42,7.7
1618,No,64,1,0,0.24,1,154,67,48.4,11.29,3.5
1619,No,116,1,1,3.08,5,193.4,112,84.8,12.03,11.4
1620,No,53,1,0,0,0,168.8,97,48,11.02,10.9
1621,No,70,1,0,0,0,148.4,110,48,13.36,8.9
1622,Yes,25,1,0,0,1,264.9,80,69,14.06,8.4
1623,No,80,1,0,0,3,51.5,90,23,8.2,9.5
1624,No,114,1,0,0.4,1,169.6,85,38,2.95,7.4
1625,No,98,0,0,0,1,158.4,71,53,15.33,2.1
1626,Yes,155,1,0,0,0,203.4,100,51,9.55,8.9
1627,No,54,0,0,0,1,214.1,77,57,12.03,10.1
1628,No,80,1,0,0,1,199.8,138,49,8.36,5.5
1629,No,107,1,1,2.03,1,114.3,132,57.3,9.99,7.5
1630,No,68,1,0,0,1,237.1,105,60,11.18,13.2
1631,No,142,1,0,0.42,0,216.8,134,57.2,9.39,8.3
1632,No,135,0,0,0,1,186,107,38,3.3,12.9
1633,No,134,1,0,0,0,141.7,95,42,10.28,8.8
1634,No,97,1,0,0,1,151.6,107,39,7.77,14.7
1635,No,73,1,1,3.11,0,194.4,104,80.1,8.8,11.5
1636,Yes,184,1,0,0,1,236.4,73,65,14.37,13.8
1637,No,99,1,1,1.97,2,87.7,103,53.7,11.15,7.3
1638,No,154,1,0,0,3,191.4,93,50,10.27,10.2
1639,No,70,1,0,0,0,175.4,130,44,7.98,11.6
1640,No,115,1,0,0,3,132,90,40,9.88,0
1641,No,86,1,0,0,2,126.3,115,36,8.44,9.8
1642,No,116,0,1,1.86,1,175.5,137,66.6,10.53,6.9
1643,Yes,159,1,0,0,1,189.1,105,54,12.31,10.4
1644,No,107,1,0,0,2,167.3,100,43,8.2,6.7
1645,No,122,1,0,0,0,144.2,87,43,10.61,9.5
1646,No,99,1,0,0.28,1,145.6,102,47.8,11.55,11.4
1647,No,108,1,1,2.57,2,169.8,136,69.7,8.69,9.5
1648,No,101,1,1,3.51,2,114.1,95,69.1,8.08,13
1649,Yes,118,1,1,2.59,5,170.8,114,71.9,9.98,9.6
1650,No,96,0,0,0,2,200.6,117,59,14.48,11.2
1651,Yes,81,1,1,2.48,4,167.9,147,69.8,9.54,9.2
1652,No,147,1,0,0,3,130.6,83,40,10.41,15.6
1653,No,65,1,1,2.4,1,158.1,104,79,16.11,8.9
1654,Yes,19,1,0,0,1,259.4,116,68,13.49,9.5
1655,No,96,1,1,2.78,3,248.8,124,82.8,7.02,10.3
1656,No,123,1,0,0,3,260.9,85,59,8.43,13.3
1657,No,120,1,0,0.26,1,192.6,123,53.6,10.32,10.8
1658,No,135,0,1,1.57,2,127.7,54,55.7,10.75,5.8
1659,No,130,1,0,0,0,124.3,70,45,13.54,3.5
1660,Yes,150,1,0,0,4,136.6,112,42,10.47,12.2
1661,No,115,1,1,3.11,1,222.6,81,86.1,9.52,11.5
1662,No,106,1,0,0.25,2,165.3,118,48.5,10.5,8.5
1663,No,121,1,0,0,1,181.5,121,50,10.92,8.5
1664,No,155,1,0,0,1,190.3,123,58,15.07,8
1665,No,66,1,1,2.3,0,141.7,87,70,13.42,8.5
1666,No,96,1,1,3.62,0,108.6,90,72.2,10.32,13.4
1667,Yes,133,0,1,4.16,2,221.1,137,102.6,13.25,15.4
1668,No,121,1,1,2.86,1,126.3,84,68.6,10.48,10.6
1669,No,28,1,0,0,3,236.8,102,55,8.36,9.7
1670,No,120,1,0,0.21,0,185.7,133,54.1,11.76,16.9
1671,Yes,127,0,0,0,2,242.2,102,61,11.31,13.9
1672,No,59,1,0,0,1,155.2,79,47,11.77,8.7
1673,No,80,1,0,0.23,3,202.4,118,59.3,13.01,9.2
1674,No,150,1,1,1.94,0,209.8,112,68.4,7.75,7.2
1675,No,148,1,1,2.67,1,158.7,91,67.7,8.03,9.9
1676,No,164,1,1,3.56,1,238.8,100,96.6,11.5,13.2
1677,No,10,1,0,0,2,183,103,50,10.74,8.7
1678,No,78,1,0,0,0,225.1,67,56,9.96,14.6
1679,No,149,1,1,2.94,1,206.7,79,79.4,8.73,10.9
1680,Yes,121,1,0,0.21,0,144.8,126,44.1,10.03,13.3
1681,No,27,1,0,0,3,177.6,121,56,14.84,7.6
1682,No,117,1,1,1.19,0,221.3,82,63.9,8.38,4.4
1683,Yes,105,1,0,0,6,106.4,71,39,12.01,5.3
1684,No,97,1,1,1.65,1,283.1,93,80.5,9.27,6.1
1685,No,161,1,0,0,2,72.8,120,36,13.36,11.8
1686,No,107,1,0,0,1,86.8,95,24,5.41,13.2
1687,No,106,1,0,0,3,208.3,89,50,8.47,15.9
1688,Yes,103,1,0,0,8,150.6,125,40,8.46,10.4
1689,No,64,1,0,0,1,219.6,126,64,15.17,9.7
1690,Yes,97,0,0,0,4,145,103,50,14.72,11
1691,No,122,1,1,2.27,3,195.4,83,79.7,13.41,8.4
1692,No,86,1,0,0,1,223.9,75,52,7.79,7.3
1693,No,11,1,1,1.62,3,190.6,86,68.2,11.01,6
1694,Yes,123,1,0,0,4,123.2,104,38,9.5,12.9
1695,No,96,1,0,0,2,98.2,100,43,15.36,7.6
1696,No,83,1,0,0,2,159.3,104,45,10.12,9.5
1697,No,16,1,0,0,1,209.5,89,51,8.64,8.8
1698,No,56,1,0,0.3,1,253.2,95,63,9.4,4.4
1699,Yes,118,0,1,3,4,156.5,122,75,10.46,11.1
1700,No,22,1,1,3.43,3,182.1,94,79.3,8.23,12.7
1701,No,83,1,1,2.84,0,107.9,90,59.4,7.02,10.5
1702,No,92,0,0,0,0,264.3,91,59,8.05,9.3
1703,No,66,1,0,0,1,146.4,107,42,9.83,7.8
1704,No,66,1,0,0,2,256.3,135,59,9.01,6.2
1705,No,149,1,1,3.86,1,198.9,77,96.6,13.7,14.3
1706,No,43,1,0,0.38,3,27,117,22.8,8.05,10.7
1707,No,105,1,0,0,2,140.6,109,40,8.93,6.8
1708,No,167,1,0,0,0,207.6,88,47,6.62,14.1
1709,No,13,1,0,0,1,146.4,74,38,7.43,11.3
1710,No,88,1,0,0.31,1,181.5,116,50.1,9.35,10.5
1711,No,95,1,1,3.21,0,40.9,126,51.1,6.67,11.9
1712,Yes,61,1,1,2.75,2,105,78,61.5,9.03,10.2
1713,No,95,1,0,0,2,157.3,116,44,9.88,8.4
1714,No,92,1,1,3.27,2,243.1,92,92.7,10.69,12.1
1715,No,18,1,0,0,1,273.6,93,57,5.73,8.2
1716,No,73,1,0,0,2,241.7,115,56,8.43,11.1
1717,No,46,1,0,0,3,196.7,85,51,10.3,11.2
1718,No,144,1,1,1,0,105,86,39,6.09,3.7
1719,No,92,1,0,0,0,249.4,118,61,10.58,9.1
1720,No,86,1,0,0,0,83.5,96,33,11.06,12.6
1721,No,33,0,0,0,1,190.6,100,47,8.09,13
1722,No,132,1,1,1.92,2,113.2,96,62.2,13.5,7.1
1723,No,68,1,0,0,2,219.6,97,50,7.06,10.8
1724,No,130,1,0,0.32,0,252,101,61.2,8.51,5.7
1725,Yes,92,0,0,0,1,62.6,111,26,9.03,10.4
1726,No,175,1,0,0,1,132,95,43,11.56,8.7
1727,Yes,162,1,0,0.33,2,217.6,87,64.3,13.95,10.4
1728,No,65,1,0,0,1,136.1,112,47,13.65,4.4
1729,No,105,1,0,0,1,101.4,48,31,7.96,12.2
1730,No,95,1,0,0.44,3,156.6,88,52.4,12.38,12.3
1731,No,65,1,0,0,3,211.3,120,50,8.13,13.2
1732,No,51,1,1,3.02,1,236.8,61,93.2,13.17,11.2
1733,No,103,1,0,0,1,160.8,91,41,7.79,8.5
1734,No,116,1,0,0.2,1,146.4,123,42,8.83,7.8
1735,No,130,1,0,0.23,1,115.6,129,36.3,8.39,12.6
1736,No,77,1,0,0.14,2,230,87,49.4,5.16,11.3
1737,No,107,1,0,0,1,230.4,65,62,12.87,8.5
1738,No,115,1,0,0,3,147.9,109,45,11.42,9.6
1739,Yes,129,1,0,0,0,334.3,118,74,9.61,10.4
1740,No,84,1,0,0,1,146.8,133,40,8.59,9.9
1741,No,124,1,0,0,0,194,103,54,12.05,11.9
1742,Yes,37,0,0,0,0,172.9,119,45,9.15,9.8
1743,No,67,1,0,0.31,2,129,78,41.1,9.4,11.2
1744,No,48,1,1,2.05,1,198,70,77.5,13.69,7.6
1745,Yes,152,0,1,3.83,9,237.5,120,100.3,12.67,14.2
1746,No,119,1,0,0,1,133.4,102,41,10.23,11.1
1747,No,144,1,0,0,2,177.5,93,55,14.37,11.9
1748,No,102,1,0,0,2,186.8,92,47,8.69,9.7
1749,No,119,1,0,0,1,94.2,108,39,13.21,7.3
1750,No,69,1,0,0,0,196.1,87,54,11.84,11.9
1751,No,127,0,0,0.26,2,180.9,114,51.6,10.48,7.4
1752,No,94,1,0,0.15,0,139.4,95,39.5,7.96,7.7
1753,No,100,1,0,0,1,218.8,125,50,7.42,9.7
1754,No,59,1,0,0.27,2,166.3,95,51.7,11.97,10
1755,No,121,1,0,0,1,177.2,142,41,6.18,8.4
1756,No,110,1,0,0,3,188,127,40,4.53,15.3
1757,No,78,1,0,0.34,0,140.7,77,44.4,9.76,11.7
1758,No,156,0,0,0.2,1,277,119,70,11.92,8.3
1759,No,172,1,0,0,3,215.7,140,50,7.32,7.1
1760,No,54,1,1,3.05,2,112,90,67.5,10.4,11.3
1761,No,81,1,1,2.62,0,210.4,100,81.2,11.28,9.7
1762,No,93,1,0,0,0,173,131,46,9.52,10.4
1763,No,66,1,0,0.24,1,87.6,76,40.4,13.1,9.2
1764,No,100,1,0,0,1,185,122,47,9.13,5.1
1765,No,87,1,0,0,3,184.5,81,46,8.6,13.7
1766,No,121,1,0,0,1,168.6,121,43,8.43,12.3
1767,No,86,1,0,0.35,0,216.3,96,63.5,13.32,4.5
1768,Yes,148,1,0,0,2,279.3,104,65,10.08,7.9
1769,No,46,1,0,0.26,2,214.1,72,53.6,8.22,8.2
1770,No,186,1,0,0,1,137.8,97,40,9.39,8.7
1771,No,165,1,0,0,6,154.2,91,50,13.43,10.9
1772,No,148,1,0,0,1,86.3,134,36,12.33,11.3
1773,No,146,1,0,0,2,169.5,93,49,11.55,9
1774,No,122,1,0,0,1,168.3,96,37,4.38,8.4
1775,No,147,1,1,3.73,5,254.2,78,100.3,11.41,13.8
1776,Yes,179,1,0,0,0,287.3,123,74,14.4,10.5
1777,Yes,110,0,0,0,0,293.3,79,66,9.43,14.5
1778,No,87,1,0,0,1,156.8,93,45,10.79,7.6
1779,No,148,1,0,0.45,1,185.2,87,50.5,8.52,9.5
1780,No,107,1,0,0,1,103.4,94,34,9.47,14.4
1781,No,88,1,0,0.26,3,144.3,116,40.6,7.82,7.8
1782,No,101,1,0,0,5,232.7,114,56,9.32,11.5
1783,No,99,1,0,0,4,198.2,87,52,10.37,8.7
1784,No,57,1,1,3.19,1,201.2,76,90.9,14.01,11.8
1785,No,139,1,0,0,4,181.6,119,60,16.79,8.3
1786,No,67,1,1,2.54,1,230.6,40,81.4,9.46,9.4
1787,No,123,1,1,3.38,1,198.7,127,88.8,12.45,12.5
1788,No,48,1,1,3.56,1,141.1,109,79.6,11.24,13.2
1789,No,75,1,1,2.48,0,214.1,62,78.8,10.05,9.2
1790,No,78,1,0,0,0,220,95,53,9,11.5
1791,Yes,97,1,1,2.32,2,90,87,62.2,13.82,8.6
1792,Yes,86,0,0,0,2,162.4,131,42,8.35,11.4
1793,Yes,105,1,0,0,0,270.9,98,66,11.31,8.8
1794,Yes,95,0,0,0,1,165.5,84,53,14.31,11.5
1795,Yes,64,0,0,0,1,225.3,134,48,5.41,17.3
1796,No,150,1,0,0,1,169.2,123,48,10.84,12.6
1797,No,204,1,0,0,3,205.2,145,49,7.74,14.1
1798,Yes,128,1,0,0,1,227.9,130,65,15.13,5.5
1799,No,65,1,0,0.33,0,195.4,110,52.3,9.06,8.9
1800,No,157,1,0,0,3,229.8,90,52,7.4,9.6
1801,No,138,1,0,0,0,220.2,89,45,4.42,12.9
1802,No,147,1,0,0,3,248.6,83,55,7.45,8
1803,No,96,1,1,2.3,1,150,91,63,7.97,8.5
1804,Yes,121,1,0,0,0,170.4,108,59,17.53,11.2
1805,No,140,1,0,0.28,3,129.6,79,45.8,12.31,9.4
1806,No,83,1,1,3.02,0,95,89,61.2,8.4,11.2
1807,No,49,1,1,2.16,3,214.4,78,78.6,11.76,8
1808,No,3,1,0,0,4,139,99,45,12.54,6.1
1809,Yes,76,0,0,0.3,1,273.3,66,72,13.18,12
1810,Yes,77,1,1,3.11,4,135.9,117,75.1,12.23,11.5
1811,No,170,1,0,0.21,0,246.4,107,64.1,11.41,9.1
1812,No,132,1,0,0,1,117.6,66,39,10.7,8.8
1813,No,155,1,1,2.32,0,195.9,91,75.2,10.7,8.6
1814,No,93,1,0,0,0,149.6,120,43,10.04,14.3
1815,No,165,1,0,0,1,242.9,126,60,10.49,0
1816,No,64,1,0,0.26,3,124.1,117,40.6,9.64,6.4
1817,No,31,1,0,0,0,177.3,129,44,7.64,5.1
1818,No,42,1,0,0,0,196.5,89,54,12.07,4
1819,No,146,0,0,0,1,111.1,126,46,15.67,10.5
1820,No,105,1,0,0.33,1,193.7,108,52.3,9.16,10.8
1821,No,74,1,0,0,1,165.3,120,45,9.93,9.8
1822,No,88,1,0,0,3,138.3,116,44,11.8,9.6
1823,No,91,1,1,1.67,1,146.1,98,65.7,13.87,6.2
1824,No,74,1,0,0.34,0,187.7,127,49.4,8.17,9.1
1825,No,104,1,1,3.62,2,182.1,66,86.2,10.68,13.4
1826,Yes,123,1,0,0,5,242.2,87,61,11.31,8.2
1827,Yes,96,1,0,0,1,276.9,105,69,12.35,10.3
1828,No,157,1,0,0,3,276.2,95,62,8.29,2.2
1829,No,112,1,1,2.62,0,183.2,95,79.2,12.64,9.7
1830,No,165,1,1,2.57,3,167.4,113,69.7,8.64,9.5
1831,No,141,1,1,2.16,4,185.4,87,68.6,8.93,8
1832,No,113,1,0,0,1,155,93,55,16.53,13.5
1833,No,90,1,0,0.28,2,114.4,122,33.8,6.39,10.1
1834,No,120,1,0,0,0,221.3,106,61,13.38,9.3
1835,No,61,1,0,0,1,197.3,67,57,13.23,9
1836,No,84,1,0,0,0,169.5,96,43,7.88,10.6
1837,No,23,1,0,0,6,190.2,89,47,8.32,15
1838,No,127,1,1,3.29,2,129.7,115,68.9,8.04,12.2
1839,Yes,111,1,0,0,0,249.8,109,64,12.12,11.6
1840,No,140,1,0,0.26,1,162.6,98,48.6,10.31,8.2
1841,No,120,1,0,0,2,252,120,56,7.51,9.6
1842,No,99,1,1,2.46,1,200.7,88,81.6,13.21,9.1
1843,No,121,1,0,0,1,150.7,105,43,9.87,9.2
1844,No,44,1,0,0.32,1,143.2,77,42.2,8.49,7.6
1845,No,38,1,1,4.1,2,115.4,98,75,8.31,15.2
1846,No,100,1,0,0.33,4,210.9,85,67.3,16.47,9.4
1847,No,84,1,0,0.26,2,190.2,102,52.6,9.89,9.8
1848,No,36,1,0,0,2,177.9,129,50,11.23,10.8
1849,No,64,1,1,1.22,0,94.4,104,40.2,6.81,4.5
1850,No,51,1,0,0,1,232.4,109,56,9.37,9.1
1851,No,85,1,0,0,2,96.7,97,33,9.69,9.7
1852,No,30,1,0,0,3,145,76,46,12.04,7.1
1853,No,132,1,1,3.11,0,182.9,54,87.1,14.62,11.5
1854,Yes,37,1,0,0,2,239.9,120,64,13.08,8.9
1855,No,74,1,0,0,2,124,102,44,13.11,11.7
1856,No,81,1,0,0,3,183.6,116,45,7.63,12.2
1857,No,62,1,0,0,3,186.8,94,50,10.38,8.8
1858,Yes,144,1,0,0.21,4,61.6,117,20.1,3.86,8.2
1859,Yes,91,0,0,0,2,246.4,110,58,9.1,12.1
1860,No,163,1,1,3.73,2,219.6,99,93.3,10.52,13.8
1861,No,147,0,1,2.19,3,219.9,118,77.9,10.43,8.1
1862,Yes,21,1,0,0,5,92.6,95,30,8.1,11.3
1863,Yes,133,1,1,3.81,2,174,80,86.1,10.47,14.1
1864,No,21,1,0,0,0,146,78,35,5.49,6.8
1865,No,131,1,0,0,2,263.4,123,58,7.6,10.7
1866,No,95,1,0,0,1,135,99,39,9.18,12.5
1867,No,114,1,1,3.51,0,222.8,98,89.1,9.03,13
1868,No,154,1,0,0,0,166.9,99,42,7.75,7.2
1869,Yes,88,1,0,0,1,264.8,124,66,12.27,14.8
1870,No,88,1,0,0,3,183.5,93,46,8.53,8.3
1871,No,105,1,1,2.19,2,236.5,111,72.9,5.85,8.1
1872,No,156,1,0,0.42,1,150.5,106,43.2,7.65,3.5
1873,No,117,1,1,2.35,2,205.7,98,70.5,6.81,8.7
1874,No,67,1,1,2.67,2,115.6,111,66.7,11.89,9.9
1875,No,57,1,0,0,3,161,113,46,10.4,8.4
1876,Yes,75,0,0,0,4,211.3,61,45,5.28,9.7
1877,No,64,1,1,3.59,1,154.6,92,69.9,4.17,13.3
1878,No,184,1,1,2.75,0,200.3,76,83.5,12.68,10.2
1879,Yes,55,0,0,0.32,1,191.9,91,58.2,12.81,14.3
1880,No,129,1,0,0,4,143.7,114,50,14.89,11.4
1881,No,110,1,0,0.33,1,208,69,47.3,4.76,8
1882,No,65,1,0,0,1,116.8,87,36,8.95,14.1
1883,No,71,1,1,3.54,1,115.4,90,74.4,10.87,13.1
1884,No,173,1,0,0,0,172.5,78,42,7.13,10.9
1885,Yes,79,1,0,0,3,261.7,97,63,10.53,6
1886,No,46,1,0,0.21,1,210.2,92,58.1,11.37,13.1
1887,No,120,1,0,0,1,165,100,56,15.86,8.3
1888,No,176,1,0,0,3,223.2,76,57,10.72,10.1
1889,No,131,1,0,0,2,196.1,89,50,9.28,5.2
1890,No,141,1,0,0.24,2,160.1,87,52.4,12.84,7
1891,No,87,1,0,0.29,1,228.7,90,55.9,8.15,11.8
1892,No,90,1,1,1.57,1,150.1,109,64.7,13.24,5.8
1893,No,189,1,0,0,3,208.3,106,56,11.84,11.3
1894,Yes,113,1,0,0,1,272.1,111,70,13.43,8.5
1895,No,20,1,0,0,2,186.8,89,54,12.67,12.3
1896,No,48,1,1,2.16,1,172,111,68.6,10.01,8
1897,No,92,1,0,0.27,2,181.4,98,47.7,8.23,10.9
1898,No,105,1,1,2.3,0,193.5,85,75,11.01,8.5
1899,No,50,1,0,0,3,188.9,94,50,10.2,11.6
1900,Yes,117,0,0,0,1,287.4,118,71,12.98,10
1901,No,189,1,1,4.16,1,155.2,116,84.6,9.78,15.4
1902,No,177,1,1,2.81,1,230.2,106,84.1,9.81,10.4
1903,No,128,1,1,3.78,1,171.2,88,79.8,7.29,14
1904,Yes,45,1,0,0,1,78.6,106,30,9.37,7.4
1905,Yes,170,1,0,0,1,285.7,44,63,8.38,8.7
1906,No,61,0,0,0,2,78.2,103,30,9.8,10.1
1907,No,40,0,0,0.23,0,220.8,100,63.3,13.29,6.4
1908,No,74,1,1,3.94,2,193.7,91,93.4,12.31,14.6
1909,No,113,1,0,0,2,156,141,49,12.84,11.9
1910,No,68,1,0,0,3,148.8,70,47,12.33,12.1
1911,No,102,1,1,3.86,0,214.7,86,102.6,15.72,14.3
1912,No,64,1,0,0,2,174.5,98,45,9.01,10.7
1913,No,87,1,0,0,4,256.2,105,58,8.04,7.4
1914,No,27,1,0,0,0,193.8,102,44,5.95,9.2
1915,No,126,0,1,2.59,1,129.3,123,62.9,8.83,9.6
1916,No,116,1,0,0,1,51.1,106,27,10.43,12.3
1917,Yes,68,0,1,3.65,1,195.5,113,84.5,8.58,13.5
1918,No,82,1,0,0,0,101,93,31,7.78,13.3
1919,No,110,1,0,0.3,1,222.7,94,50,5.29,13.5
1920,No,63,1,0,0,3,132.9,122,29,3.35,9.9
1921,No,117,1,0,0,2,181.5,95,49,10.26,14.7
1922,No,128,1,0,0,0,125.2,99,39,10.27,18.9
1923,No,57,1,0,0,0,169.6,96,49,11.74,11.2
1924,No,157,1,0,0,1,152.7,105,48,12.88,9.4
1925,No,108,1,0,0,0,210.6,117,50,8.21,9.4
1926,Yes,149,1,0,0,4,119.2,88,35,8.42,12.2
1927,No,95,1,0,0,1,237.3,83,54,7.7,11.2
1928,No,30,1,0,0,2,162.3,96,49,12.2,9.1
1929,No,101,1,0,0.25,3,217.7,118,59.5,11.59,0
1930,No,90,1,0,0.32,2,157.9,72,50.2,11.7,12.2
1931,No,84,1,0,0.27,1,86,83,39.7,13.04,8.9
1932,No,127,1,1,2.08,1,235.6,124,81.8,11.84,7.7
1933,No,87,1,1,1.92,2,240.8,102,67.2,3.8,7.1
1934,No,68,1,0,0,2,143.6,80,36,6.72,15.5
1935,No,110,1,0,0,4,242.5,110,56,8.12,7.8
1936,No,72,1,0,0,1,138.9,111,42,10.58,10.8
1937,Yes,115,1,0,0,1,245,97,63,12.54,13.7
1938,No,112,1,0,0,0,166,79,35,3.73,6.3
1939,Yes,39,1,0,0,1,295.4,126,70,11.61,11.5
1940,No,87,1,0,0,0,58,125,16,3.38,11.5
1941,Yes,56,1,0,0.16,4,162.3,99,42.6,7.46,14.8
1942,No,89,1,1,2.35,1,209.9,113,80.5,12.49,8.7
1943,No,43,1,0,0.26,2,159.5,99,40.6,5.99,6.8
1944,No,123,1,1,3.56,1,305.2,80,101.6,7.83,13.2
1945,No,209,1,0,0,3,227.2,128,61,12.92,8.9
1946,No,107,1,1,3.21,1,201.8,79,93.1,15.25,11.9
1947,No,20,1,1,1.92,0,171.5,98,62.2,7.66,7.1
1948,Yes,51,1,0,0,1,229.7,129,68,16.8,9.6
1949,No,62,1,0,0,1,281,66,62,8.03,0
1950,No,64,1,1,2.03,1,291.1,150,89.3,11.34,7.5
1951,No,88,1,0,0,2,65.4,97,26,8.41,13.8
1952,No,157,1,0,0,2,240.2,67,54,7.65,10.2
1953,Yes,95,1,0,0,2,269,120,66,11.69,7.3
1954,No,122,1,0,0.39,1,170.5,94,47.9,8.69,11.3
1955,No,116,1,0,0,0,129.4,84,36,7.87,13.3
1956,No,85,1,0,0,3,255.3,114,60,9.73,3.7
1957,Yes,42,1,0,0,1,303.9,106,72,11.61,5.8
1958,Yes,108,1,1,2.59,4,162.1,83,68.9,8.59,9.6
1959,Yes,172,1,0,0,2,270,102,68,12.83,12
1960,No,177,1,0,0,1,175.7,120,45,8.43,14.6
1961,No,77,1,0,0,1,142.3,112,51,15.32,9.9
1962,No,13,1,0,0,4,193.2,89,50,9.72,9.7
1963,No,109,1,1,2.86,5,230.5,116,90.6,13.29,10.6
1964,No,83,1,1,2.35,3,272.5,105,91.5,12.65,8.7
1965,No,101,1,0,0,1,220.3,124,54,9.43,10.6
1966,No,92,0,0,0,0,255.8,125,56,7.14,11.7
1967,No,63,1,1,3.32,1,152.2,119,79.2,11.36,12.3
1968,No,87,1,0,0,1,237.2,124,60,11.13,11
1969,Yes,75,1,0,0,2,314.6,102,68,8.49,5.7
1970,No,205,1,0,0.32,2,49.9,123,25.2,7.54,10.1
1971,Yes,99,1,1,2.51,2,216,125,82.1,11.62,9.3
1972,No,128,1,0,0,1,148.5,105,46,12.15,6.8
1973,No,74,1,0,0,0,221.1,124,48,5.54,10.6
1974,No,110,1,0,0.34,1,192.6,102,51.4,8.95,9.4
1975,Yes,119,1,0,0,5,159.1,114,47,11.57,8.8
1976,No,111,1,1,3.02,3,166.2,54,79.2,11.94,11.2
1977,No,81,1,0,0,1,145.4,132,36,6.47,5.2
1978,No,67,1,0,0.35,1,215.5,102,56.5,9.54,8.6
1979,No,180,1,0,0.4,1,143.3,134,44,9.03,10.1
1980,No,37,0,1,2.48,1,149.7,122,68.8,10.56,9.2
1981,No,129,0,0,0.39,1,192.9,131,52.9,9.28,10.9
1982,No,91,1,0,0,3,203.1,106,53,10.51,12
1983,No,136,1,0,0,1,152.6,97,44,10.45,5
1984,No,107,1,0,0,1,157.1,79,41,8.13,12.1
1985,No,130,1,1,2,0,185,117,73,12.48,7.4
1986,No,118,1,1,3.43,2,91.5,125,69.3,11,12.7
1987,No,95,1,0,0,2,142.5,109,40,8.81,8.2
1988,No,89,1,0,0,1,179.7,128,57,14.99,7.6
1989,No,85,1,0,0.25,0,127.9,107,47.5,13.56,12.5
1990,No,53,1,0,0,2,184.8,98,50,10.82,18.4
1991,No,125,1,0,0,0,224.9,102,51,7.19,8
1992,No,41,1,1,1.94,0,213.8,102,68.4,7.09,7.2
1993,No,65,1,0,0,1,111,51,38,10.99,4.4
1994,No,82,1,0,0,1,154,107,35,4.72,10.1
1995,No,68,1,1,1.3,3,82.5,97,52,14.5,4.8
1996,No,143,1,1,3.13,1,186.6,69,82.3,11.1,11.6
1997,No,152,1,0,0.22,2,101.2,122,32.2,7.08,7.5
1998,No,168,1,1,3.08,2,97.4,57,64.8,10.18,11.4
1999,No,84,1,1,2.89,1,89.7,87,56.9,6.93,10.7
2000,No,96,1,0,0,1,179.5,125,45,8.12,6.6
2001,No,109,1,0,0,1,222.2,113,57,10.93,10.9
2002,No,47,1,1,2.11,1,141.3,94,60.1,8.4,7.8
2003,No,103,1,0,0.38,2,70.9,134,27.8,6.73,12
2004,No,111,1,0,0,3,146.2,55,48,13.08,8.7
2005,No,61,0,1,3.05,0,143.5,76,76.5,12.13,11.3
2006,No,98,1,1,3.46,3,179.9,97,81.6,9.46,12.8
2007,No,43,1,0,0,1,168.4,125,50,12.19,11.1
2008,No,137,1,0,0.29,2,141.1,91,39.9,7.36,8
2009,No,36,1,1,2.43,2,281.4,102,90.3,10.11,9
2010,No,28,1,0,0,0,187.8,94,54,12.43,10.6
2011,No,98,1,1,1.19,4,161.2,114,60.9,12.61,4.4
2012,No,146,1,0,0,1,109,69,42,13.29,12.6
2013,No,95,1,0,0,1,183.4,98,56,14.07,8.2
2014,No,143,1,0,0,2,194.3,99,44,6.18,10.2
2015,No,64,0,0,0.26,3,146.7,83,40.6,7.42,12.5
2016,Yes,108,1,0,0,4,112,105,36,9.69,4.1
2017,No,109,1,0,0.42,2,218.9,105,67.2,15,11.3
2018,No,83,1,0,0,0,117.9,101,34,8.02,11.4
2019,Yes,92,0,0,0.21,2,130.7,113,47.1,13.03,9.4
2020,No,119,1,0,0,0,124.3,68,39,10.36,14.8
2021,No,90,1,1,2.08,1,183.8,76,71.8,11.49,7.7
2022,No,87,1,1,0,1,151.4,95,39,7.62,0
2023,No,197,1,0,0,0,233.9,96,59,10.95,9.5
2024,No,85,1,1,3.11,1,173.1,107,82.1,12.36,11.5
2025,Yes,98,1,0,0.2,0,217.2,121,65,15.17,12.4
2026,No,129,1,0,0,0,139.5,119,49,14.47,13.1
2027,Yes,135,1,0,0,5,263.8,66,67,12.57,8.4
2028,No,32,1,0,0,1,157.9,88,43,9.04,12.8
2029,No,60,1,0,0,1,220.6,57,56,10.56,6.8
2030,No,120,1,1,0,1,128.5,115,36,8.19,0
2031,No,94,1,0,0,3,118.7,90,38,10.26,10.4
2032,No,92,1,0,0,2,139.8,98,39,8.75,9.4
2033,No,212,1,0,0,1,126,96,34,7.22,7.6
2034,No,148,1,0,0,1,208.4,120,51,8.72,11.2
2035,No,86,1,1,3.21,3,253.1,112,93.1,10.51,11.9
2036,No,95,1,0,0,2,167.6,96,44,8.8,13.4
2037,No,38,1,0,0,2,117.3,114,38,10.44,14.4
2038,Yes,100,1,0,0.2,2,264.5,117,64,9.7,7.5
2039,No,107,0,0,0,2,194.4,83,55,12.39,11.2
2040,No,21,1,1,3.48,3,132.7,94,74.8,10.23,12.9
2041,No,117,1,0,0,1,143.3,103,43,10.57,11.5
2042,No,168,1,1,1.97,2,175.9,70,67.7,10.59,7.3
2043,No,37,0,0,0,2,106.6,76,31,7.37,9.6
2044,No,108,1,0,0,1,215.6,78,54,9.77,3.6
2045,No,140,1,0,0,2,235.5,81,62,12.86,11.5
2046,No,46,1,1,1.94,1,191.4,102,83.4,18.09,7.2
2047,No,134,1,0,0,1,183.8,111,42,6.18,6.1
2048,No,92,1,1,3.19,1,172.3,116,83.9,13.31,11.8
2049,No,42,1,0,0,1,92.2,108,34,10.56,13.1
2050,No,123,1,0,0.26,2,257.9,92,64.6,10.58,9.4
2051,No,124,1,0,0,3,157.4,107,42,8.39,8.8
2052,No,82,1,0,0,1,143.7,116,39,8.54,7.8
2053,No,41,1,1,3,1,191.7,109,79,9.65,11.1
2054,Yes,111,1,0,0,4,132.6,125,42,11.06,12.7
2055,No,97,1,0,0,2,239.8,125,60,10.74,8.7
2056,No,75,1,0,0,1,143.2,92,43,10.46,11.9
2057,Yes,110,1,0,0,2,271.1,108,67,11.85,9.8
2058,No,89,1,0,0,1,134.9,59,37,7.8,10.2
2059,No,72,1,0,0.28,2,179.9,113,46.8,7.49,9.8
2060,No,97,1,0,0,3,169.7,84,43,8.3,12.8
2061,No,101,1,0,0,1,183.9,115,54,12.8,10.8
2062,No,127,1,0,0.35,1,134.9,79,45.5,11.08,15
2063,No,186,1,1,3.92,2,74.3,107,67.2,8.87,14.5
2064,No,47,1,1,2.11,2,163.5,77,67.1,10.16,7.8
2065,No,108,1,0,0,2,293,88,64,8.03,10
2066,Yes,133,1,0,0,2,277.3,138,67,11.42,12.8
2067,Yes,167,1,0,0,4,169.2,124,44,8.67,12.4
2068,No,21,1,1,2.57,6,135.9,90,72.7,13.55,9.5
2069,No,110,1,0,0,2,159.5,145,45,10.12,16.7
2070,No,189,1,0,0,2,227.4,84,54,8.8,6.3
2071,No,124,1,0,0,1,188.5,77,48,9.1,6.1
2072,No,139,1,0,0,1,221.3,140,52,7.89,11.3
2073,No,42,1,0,0,1,146.3,84,47,12.8,8
2074,No,116,1,1,1.62,2,183.6,138,65.2,10.19,6
2075,No,65,1,0,0,1,207.7,109,54,10.88,8
2076,Yes,93,0,0,0,0,312,109,65,6.47,10.5
2077,Yes,98,1,0,0.38,5,227.1,116,52.8,6.03,4.7
2078,No,80,1,1,2.51,0,196.4,115,72.1,7.52,9.3
2079,No,36,1,0,0,3,235.1,97,57,9.84,7
2080,No,98,1,0,0,4,161,117,44,9.55,12.1
2081,No,169,1,0,0,3,147.2,115,39,8.1,7.2
2082,No,134,1,0,0,0,202.7,105,54,11.25,12.1
2083,No,12,1,0,0,2,204.6,98,53,10.63,9.8
2084,No,124,1,0,0,2,150.3,101,48,12.8,12.5
2085,No,140,1,0,0,1,160.5,114,48,12.03,11.3
2086,Yes,113,1,1,2.35,5,157.8,83,64.5,8.08,8.7
2087,No,143,1,0,0.29,1,110.1,113,36.9,8.45,9.2
2088,No,86,1,0,0,1,150.5,92,36,6.02,9
2089,No,69,1,0,0.41,0,195.1,91,60.1,13.08,11.4
2090,No,81,1,0,0.28,2,220.8,77,53.8,7.43,7.6
2091,No,94,1,0,0,2,220.8,111,51,7.81,10.5
2092,No,106,1,0,0,2,147.9,97,43,10.47,8.8
2093,No,96,1,0,0.3,1,144,102,47,11.24,10
2094,No,149,1,1,1.76,0,148.5,106,52.6,5.73,6.5
2095,Yes,79,1,0,0,5,157.6,85,44,9.71,9.4
2096,No,90,1,1,3.4,2,156.7,51,81,11.83,12.6
2097,No,64,1,1,1.59,8,210,116,71.9,11.64,5.9
2098,Yes,81,1,0,0,1,261.4,141,63,10.79,8
2099,No,49,1,0,0.15,1,236.6,91,60.5,11.05,8.9
2100,No,64,1,1,2.43,3,228.6,88,84.3,12.43,9
2101,Yes,78,1,0,0,1,108.6,108,37,10.5,7.9
2102,No,117,0,0,0,1,198.4,121,55,12.48,10.5
2103,Yes,76,0,0,0.34,1,241,120,64.4,11.59,9.9
2104,No,97,1,0,0,1,112.7,119,38,10.89,6.5
2105,No,86,0,0,0,1,266.1,120,61,9.1,10.3
2106,No,124,1,0,0,3,251.5,85,61,10.71,11.1
2107,No,81,0,1,2.13,1,237.1,76,84.3,13.21,7.9
2108,No,146,1,1,3.94,1,176.6,88,83.4,8.14,14.6
2109,No,129,1,1,1.78,1,196.6,89,66.8,9.03,6.6
2110,No,75,1,1,3.02,1,248.9,93,87.2,8.54,11.2
2111,No,47,1,1,2.24,1,172.9,109,64.4,6.88,8.3
2112,No,74,1,0,0.22,0,102.7,89,33.2,7.47,11
2113,No,82,1,1,2.89,1,155.2,131,76.9,12.23,10.7
2114,No,30,1,0,0,3,137.6,108,38,8.1,5.8
2115,No,87,1,1,2.75,2,125,99,69.5,11.77,10.2
2116,No,104,1,0,0,0,97.2,88,30,7.78,12.4
2117,No,30,1,0,0,0,247.4,107,58,8.8,11.3
2118,No,83,1,0,0,1,208.9,71,54,10.74,13
2119,No,55,1,0,0,2,286.7,100,61,6.72,6.9
2120,No,117,1,1,1.84,1,198.1,86,67.4,8.85,6.8
2121,No,70,1,0,0.3,2,156.4,108,45,8.55,8.6
2122,No,133,1,0,0,1,162.1,91,46,10.61,12.2
2123,No,86,1,0,0,0,217.8,93,56,10.74,11.3
2124,Yes,172,1,0,0,3,287.1,108,64,8.92,14.4
2125,No,128,1,0,0,1,187.3,84,55,13.54,10.1
2126,No,123,1,0,0,3,206.9,115,55,11.22,8.3
2127,No,35,1,0,0,2,179.2,59,55,14.17,5.8
2128,No,135,1,0,0.32,3,155.2,100,41.2,6.8,3.8
2129,No,94,1,0,0,1,245,112,57,9.02,9.7
2130,No,62,1,0,0,2,189.5,122,42,5.19,10.8
2131,No,25,1,0,0,2,134.3,98,41,10.12,12.6
2132,No,149,0,0,0.27,3,180.9,79,50.7,9.75,8.8
2133,No,159,1,1,3.4,2,153.6,93,79,10.85,12.6
2134,No,104,1,1,3,1,189.1,112,78,8.91,11.1
2135,No,114,1,1,3.13,1,129,77,78.3,14.5,11.6
2136,No,136,1,0,0,7,163.4,83,49,12.47,9.8
2137,No,74,1,1,3.56,4,154.1,122,78.6,9.77,13.2
2138,No,57,1,0,0.2,2,149.3,100,45,10.01,11.9
2139,No,114,1,0,0,2,193,101,55,12.5,9.6
2140,No,41,1,1,1.59,1,207.3,95,62.9,6.87,5.9
2141,No,64,1,0,0.31,3,213.5,93,54.1,8.33,14.1
2142,No,91,0,0,0,1,151.8,115,35,5.18,12.2
2143,No,179,1,0,0,1,170.7,54,46,9.56,13.3
2144,No,106,1,0,0,0,194.8,133,52,10.67,11.5
2145,No,59,1,0,0,2,107.8,113,37,10.83,9.9
2146,No,149,1,1,2.75,0,147.8,132,76.5,13.84,10.2
2147,No,201,1,0,0.24,1,212.7,72,58.4,11.26,7
2148,Yes,108,0,0,0.38,2,115.1,114,41.8,10.57,13.8
2149,No,70,1,0,0.31,0,177.4,125,53.1,11.31,10.9
2150,No,62,1,0,0,4,245.3,91,53,6.15,8.5
2151,No,81,1,0,0,1,154.5,84,45,10.81,13.7
